residue_id,residue_name,property,ss_type,ss_code,accessibility,phi,psi,plddt,is_interface
1,GLY,nonpolar,loop,-,1.0,360.0,160.3,0.6,False
2,PRO,nonpolar,loop,-,0.6323529411764706,-65.0,149.0,0.76,False
3,GLU,negative,loop,-,0.6082474226804123,-75.5,133.8,0.93,False
4,TRP,nonpolar,sheet,E,0.44052863436123346,-110.9,146.2,0.96,True
5,VAL,nonpolar,sheet,E,0.2676056338028169,-125.2,134.7,0.97,False
6,ARG,positive,sheet,E,0.5846774193548387,-92.3,130.0,0.98,False
7,ILE,nonpolar,sheet,E,0.10059171597633136,-115.9,118.7,0.98,False
8,GLU,negative,sheet,E,0.5567010309278351,-111.3,140.2,0.97,False
9,PHE,nonpolar,sheet,E,0.06091370558375635,-157.2,158.9,0.97,False
10,ASP,negative,sheet,E,0.5030674846625767,-82.9,138.9,0.97,False
11,LEU,nonpolar,loop,-,0.024390243902439025,-93.4,-47.1,0.96,False
12,ASN,polar,loop,S,0.18471337579617833,-160.9,-168.0,0.95,False
13,GLU,negative,loop,S,0.6958762886597938,-75.6,-6.6,0.95,False
14,GLU,negative,loop,S,0.5463917525773195,-107.4,-33.5,0.95,False
15,TYR,polar,sheet,E,0.23423423423423423,-131.2,145.8,0.97,True
16,ARG,positive,sheet,E,0.39919354838709675,-117.2,145.8,0.97,False
17,VAL,nonpolar,sheet,E,0.0,-120.1,135.4,0.98,False
18,ILE,nonpolar,sheet,E,0.11242603550295859,-120.5,125.3,0.98,False
19,LEU,nonpolar,sheet,E,0.0,-117.7,128.1,0.98,False
20,GLU,negative,sheet,E,0.16494845360824742,-119.5,125.2,0.98,False
21,VAL,nonpolar,sheet,E,0.0,-138.7,161.5,0.97,False
22,PRO,nonpolar,sheet,E,0.014705882352941176,-53.0,144.7,0.97,False
23,LYS,positive,helix,G,0.526829268292683,-51.7,-41.6,0.96,False
24,GLU,negative,helix,G,0.520618556701031,-70.0,-13.3,0.95,False
25,TYR,polar,helix,G,0.08108108108108109,-110.1,5.4,0.96,False
26,LYS,positive,helix,H,0.3024390243902439,-65.8,-41.3,0.96,False
27,PRO,nonpolar,helix,H,0.5367647058823529,-53.3,-35.7,0.97,False
28,GLU,negative,helix,H,0.38144329896907214,-72.7,-39.6,0.97,False
29,VAL,nonpolar,helix,H,0.0,-73.6,-42.8,0.97,False
30,GLU,negative,helix,H,0.44329896907216493,-57.5,-41.5,0.98,False
31,GLU,negative,helix,H,0.6494845360824743,-66.6,-40.9,0.97,False
32,TRP,nonpolar,helix,H,0.01762114537444934,-59.5,-43.7,0.97,False
33,VAL,nonpolar,helix,H,0.035211267605633804,-59.8,-44.7,0.98,False
34,GLU,negative,helix,H,0.422680412371134,-64.4,-41.5,0.97,False
35,GLU,negative,helix,H,0.3247422680412371,-60.5,-44.0,0.97,False
36,PHE,nonpolar,helix,H,0.005076142131979695,-59.3,-48.9,0.97,False
37,LYS,positive,helix,H,0.424390243902439,-59.1,-38.8,0.96,False
38,GLU,negative,helix,H,0.7731958762886598,-67.8,-39.6,0.96,False
39,LYS,positive,helix,H,0.6048780487804878,-88.9,-23.7,0.96,False
40,TYR,polar,loop,-,0.2747747747747748,-130.4,69.4,0.96,False
41,PRO,nonpolar,loop,T,0.7647058823529411,-50.5,-35.5,0.92,False
42,GLU,negative,loop,T,0.8144329896907216,-134.0,73.0,0.92,False
43,GLY,nonpolar,loop,-,0.023809523809523808,-77.7,156.4,0.91,False
44,THR,polar,loop,-,0.4084507042253521,-101.6,171.0,0.96,False
45,LEU,nonpolar,helix,H,0.1951219512195122,-64.1,-38.1,0.96,True
46,GLU,negative,helix,H,0.5515463917525774,-66.6,-42.9,0.95,True
47,GLU,negative,helix,H,0.33505154639175255,-64.8,-40.6,0.97,False
48,PHE,nonpolar,helix,H,0.0,-58.4,-52.5,0.97,False
49,TRP,nonpolar,helix,H,0.0881057268722467,-66.4,-41.7,0.96,True
50,GLU,negative,helix,H,0.6134020618556701,-68.1,-40.8,0.95,False
51,PHE,nonpolar,helix,H,0.12690355329949238,-69.9,-39.9,0.96,False
52,LEU,nonpolar,helix,H,0.006097560975609756,-68.3,-41.2,0.95,False
53,GLU,negative,helix,H,0.5670103092783505,-59.5,-45.6,0.92,False
54,GLU,negative,helix,H,0.6494845360824743,-64.1,-41.0,0.92,False
55,PHE,nonpolar,helix,H,0.09644670050761421,-58.4,-50.0,0.93,False
56,LEU,nonpolar,helix,H,0.054878048780487805,-66.0,-42.9,0.91,True
57,GLU,negative,helix,H,0.30927835051546393,-72.8,-39.5,0.87,True
58,GLU,negative,helix,H,0.7989690721649485,-75.9,-34.1,0.89,False
59,LYS,positive,helix,H,0.526829268292683,-78.7,-38.3,0.87,False
60,TRP,nonpolar,loop,-,0.06607929515418502,-134.0,68.0,0.85,True
61,PRO,nonpolar,loop,T,0.47794117647058826,-54.5,-36.3,0.79,True
62,LYS,positive,loop,T,0.8195121951219512,-150.9,65.7,0.79,True
63,ASP,negative,loop,-,0.13496932515337423,-121.9,102.5,0.9,True
64,PRO,nonpolar,loop,T,0.5735294117647058,-62.4,-15.1,0.9,True
65,ARG,positive,loop,T,0.6895161290322581,-84.7,-10.8,0.91,False
66,PHE,nonpolar,loop,-,0.005076142131979695,-102.5,140.4,0.93,True
67,ALA,nonpolar,sheet,E,0.10377358490566038,-151.0,153.8,0.95,True
68,MET,nonpolar,sheet,E,0.0,-137.5,138.4,0.97,True
69,ASP,negative,sheet,E,0.11042944785276074,-103.4,117.7,0.98,True
70,ILE,nonpolar,sheet,E,0.01775147928994083,-105.8,114.8,0.98,True
71,ILE,nonpolar,sheet,E,0.07692307692307693,-119.2,124.0,0.97,True
72,VAL,nonpolar,sheet,E,0.007042253521126761,-119.7,121.1,0.97,True
73,ARG,positive,sheet,E,0.5604838709677419,-131.3,150.6,0.95,True
74,PRO,nonpolar,sheet,E,0.6470588235294118,-69.1,151.0,0.93,True
75,LYS,positive,loop,-,0.9170731707317074,-80.4,360.0,0.89,False
