Rank,Design,Length,ipae_score,Average_i_pTM,Target_Hotspot,Sequence,TargetSequence,TargetSequenceLength,Average_pAE,Average_i_pAE,Average_pTM,Average_pLDDT,Average_i_pLDDT,Average_ss_pLDDT,Average_Target_RMSD,Average_Hotspot_RMSD,Average_Binder_pLDDT,Average_Binder_pTM,Average_Binder_pAE,Average_Binder_RMSD,DesignTime,Notes,TargetSettings,Folder
1,7z14_l93_s372140_mpnn6,93,3.303745519713262,0.83,,MKIEFHKDSFTIIASDEFLSEEELREILEEGAKVIIGENGTAEDKAQFAGHAEDLKRYLIEDAEESDLPKEEKEKYIEMVEEITEEMIKKYTG,MICYNQQSSQPPTTKTCSETSCYKKTWRDHRGTIIERGCGCPKVKPGIKLHCCRTDKCNN,60,0.11,0.15,0.86,0.94,0.94,0.96,0.46,2.2,0.93,0.82,0.11,1.02,"0 hours, 1 minutes, 32 seconds",,7z14,2505280823
3,7z14_l75_s376417_mpnn7,75,3.6613011111111113,0.81,,GPEWVRIEFDLNEEYRVILEVPKEYKPEVEEWVEEFKEKYPEGTLEEFWEFLEEFLEEKWPKDPRFAMDIIVRPK,MICYNQQSSQPPTTKTCSETSCYKKTWRDHRGTIIERGCGCPKVKPGIKLHCCRTDKCNN,60,0.13,0.15,0.83,0.92,0.9,0.94,0.49,2.23,0.91,0.74,0.12,1.89,"0 hours, 0 minutes, 44 seconds",,7z14,2501230908
1,5nq4_l88_s194736_mpnn6,88,3.905694128787879,0.79,,SMKEVEEAKRELEAVYEHVMKVLEMWRKVMPEFKEKIDELEKKIKEIYEEARKVEEGKSPEELVEAYRKAAEEIERLHEKFFDEAMKE,LKCNKLVPIAYKTCPEGKNLCYKMFMMSDLTIPVKRGCIDVCPKNSLLVKYVCCNTDRCN,60,0.14,0.18,0.85,0.93,0.93,0.94,0.92,2.12,0.93,0.82,0.12,1.44,"0 hours, 1 minutes, 7 seconds",,5nq4,2501162231
2,1yi5_l76_s283689_mpnn2,76,3.976742453560372,0.63,F43,SPVEEKVREEVERRWEEERRFAPDMPEEVIVEEIYEDLMWHIDVQWPVWLSEEEIELAKKTLEEEREKYLAEIAER,IRCFITPDITSKDCPNGHVCYTKTWCDAFCSIRGKRVDLGCAATCPTVKTGVDIQCCSTDNCNPFPTR,68,0.17,0.27,0.76,0.93,0.88,0.94,1.0,1.94,0.95,0.8,0.09,1.35,"0 hours, 1 minutes, 11 seconds",,1yi5,2506190956
2,5nq4_l88_s194736_mpnn5,88,3.9783172348484848,0.77,,SMEEVEEAKRELEAVYEHVLKVLEMWEKVMPEKKKELEELKKEIEEIYKKALEVEKGLSPEELVKVYREAAEEIEKKHEEFFDKAMKE,LKCNKLVPIAYKTCPEGKNLCYKMFMMSDLTIPVKRGCIDVCPKNSLLVKYVCCNTDRCN,60,0.15,0.2,0.84,0.92,0.91,0.93,0.9,1.91,0.93,0.8,0.12,1.06,"0 hours, 1 minutes, 7 seconds",,5nq4,2501162231
1,1yi5_l84_s615725_mpnn14,84,4.010278361344538,0.56,"F9,F37",SSFEEKLKKAIEELRKEMEEIVRKLVERGVKLSREELYWGVYDMMSRALIKNGVTQSIPEEERNKIMEELTEEAYKLAEELLKE,IRCFITPDITSKDCPNGHVCYTKTWCDAFCSIRGKRVDLGCAATCPTVKTGVDIQCCSTDNCNPFPTR,68,0.2,0.3,0.7,0.89,0.85,0.9,0.82,1.99,0.9,0.74,0.14,1.67,"0 hours, 0 minutes, 44 seconds",,1yi5,2502161339
2,7z14_l94_s249058_mpnn11,94,4.049871453900709,0.83,,SKELLEKFVKFAEEMKKKIPTDMKKLDEKQWDEFTTELINFLWSTGEDFTIDFEEPKEDGSMTITITTSSATVKIHFLPDHMEVQFNDGEKIKV,MICYNQQSSQPPTTKTCSETSCYKKTWRDHRGTIIERGCGCPKVKPGIKLHCCRTDKCNN,60,0.16,0.19,0.81,0.86,0.92,0.87,0.48,1.49,0.88,0.73,0.14,1.08,"0 hours, 1 minutes, 22 seconds",,7z14,2501230908
6,1yi5_l63_s878730_mpnn3,63,4.059639355742297,0.6,"F7,F27,F28,F29,F31,F32,F33,F34,F35,F36",SEVEKAIEEMREFAKTHPREEVVEKAKEVVRRFDEEHPLTPDSSPELRREHYRLWDEMEKIIA,IRCFITPDITSKDCPNGHVCYTKTWCDAFCSIRGKRVDLGCAATCPTVKTGVDIQCCSTDNCNPFPTR,68,0.17,0.26,0.72,0.93,0.92,0.94,0.88,2.13,0.95,0.77,0.08,0.9,"0 hours, 0 minutes, 41 seconds",,1yi5,250625132602
2,7z14_l94_s587991_mpnn3,94,4.128416666666666,0.79,F49,KYSEEEIKEMIIEFFKHVKFTVNSPDDFWIDVNPDWEPDEEKWEKMWDLIMKTLWTYPEAWPLLKEINDTIQKDPSKIPEKSLKKLVEMIQSLP,MICYNQQSSQPPTTKTCSETSCYKKTWRDHRGTIIERGCGCPKVKPGIKLHCCRTDKCNN,60,0.14,0.18,0.8,0.91,0.9,0.92,0.48,1.85,0.91,0.79,0.11,1.25,"0 hours, 1 minutes, 34 seconds",,7z14,2506192002
1,1yi5_l106_s342438_mpnn8,106,4.222991814650388,0.77,"F7,F27,F28,F29,F31,F32,F33,F34,F35,F36",GRVRRIFWAMDEFVDENPEAYEIMKRLADYMAKHKHPLVESVFKHPDPNDESLTPESLAEQWRKVYEEMAEEEKKEGIEPIPKELFDEILKKMVEYMKEKSAELEK,IRCFITPDITSKDCPNGHVCYTKTWCDAFCSIRGKRVDLGCAATCPTVKTGVDIQCCSTDNCNPFPTR,68,0.17,0.27,0.77,0.91,0.92,0.93,0.84,2.96,0.86,0.74,0.16,1.18,"0 hours, 0 minutes, 49 seconds",,1yi5,250622183331
2,7z14_l58_s935204_mpnn1,58,4.277637931034483,0.79,F41,HMPEKEKKGWEILEEIVNEYMRKYGSVTYTMTRELWEKIENGASREEIRPAFEKEVEL,MICYNQQSSQPPTTKTCSETSCYKKTWRDHRGTIIERGCGCPKVKPGIKLHCCRTDKCNN,60,0.11,0.15,0.82,0.94,0.94,0.95,0.48,1.11,0.94,0.73,0.1,1.22,"0 hours, 2 minutes, 3 seconds",,7z14,2505300903
1,7z14_l79_s855285_mpnn3,79,4.284855485232067,0.77,"F32,F47",SMKEEVKKRIEELKEKLQKILDSESFTIYVTPHGERISPENLLKKLEEVEKKFEEEPEKYEELAKEVEKIEKDFEMLTS,MICYNQQSSQPPTTKTCSETSCYKKTWRDHRGTIIERGCGCPKVKPGIKLHCCRTDKCNN,60,0.15,0.21,0.77,0.91,0.9,0.91,0.5,2.06,0.88,0.71,0.15,1.39,"0 hours, 0 minutes, 38 seconds",Relaxed structure contains clashes.,7z14,2502082313
4,5nq4_l86_s533102_mpnn6,86,4.291525193798449,0.7,,MPFKKLSYEEVLAYLKENKDKYPYMARQVIPVMERMKKGSEIMKKLLDVFVEEFNEMLKEIASGMPFEEAWDNFMDRVDEKSREVE,LKCNKLVPIAYKTCPEGKNLCYKMFMMSDLTIPVKRGCIDVCPKNSLLVKYVCCNTDRCN,60,0.15,0.21,0.79,0.9,0.89,0.91,0.9,2.1,0.89,0.74,0.14,1.42,"0 hours, 1 minutes, 16 seconds",,5nq4,2501162231
2,1yi5_l106_s342438_mpnn7,106,4.351508046614873,0.74,"F7,F27,F28,F29,F31,F32,F33,F34,F35,F36",GEVRRIFWAMDEFVDSNPEAYKIMKRLADYMAENKHPLVESVFKHPDENDKTITPESLKEKWKEVYKEMAEDEKKKGIEPIPEEKFEKILEELVKYMKEKSAELAK,IRCFITPDITSKDCPNGHVCYTKTWCDAFCSIRGKRVDLGCAATCPTVKTGVDIQCCSTDNCNPFPTR,68,0.18,0.27,0.77,0.89,0.89,0.91,0.85,2.45,0.86,0.72,0.16,1.33,"0 hours, 0 minutes, 50 seconds",,1yi5,250622183331
2,1yi5_l84_s182634_mpnn8,84,4.361444327731093,0.54,,SHMEELKKKAYKEFGELSDKLFLLIQRYSYEHPGDEATEDELQTRYLELNKEFAEWMESEDATEEKYEEIKKKVEEFIEEVEKL,IRCFITPDITSKDCPNGHVCYTKTWCDAFCSIRGKRVDLGCAATCPTVKTGVDIQCCSTDNCNPFPTR,68,0.21,0.34,0.72,0.92,0.91,0.93,0.8,2.24,0.96,0.83,0.08,0.85,"0 hours, 0 minutes, 50 seconds",,1yi5,2505251415
1,5nq4_l120_s575933_mpnn1,120,4.401350694444445,0.76,,MKTKEELLNEIIELSKKYYEKIKTEEVSNEEMAEMIKELMGKFIELAEKYGIDRKDTLVQLAMVEYHWVQEAIAYRLNEKQLDKLEELDDKFMKKFMEGKLSDVKFLKEIEKQYIEILNL,LKCNKLVPIAYKTCPEGKNLCYKMFMMSDLTIPVKRGCIDVCPKNSLLVKYVCCNTDRCN,60,0.11,0.18,0.85,0.95,0.93,0.96,0.91,1.6,0.96,0.88,0.08,0.95,"0 hours, 2 minutes, 20 seconds",Relaxed structure contains clashes.,5nq4,2501171625
2,1yi5_l105_s971412_mpnn1,105,4.449816526610645,0.63,"F9,F35,F32,F7,F27,F31,F34,F29,F65,F28,F36,F33",MELSEEEKKGEKEAKKVLEEFEKEYEELKKKIEEAIKERKFEEFEKLVNETSRIMAEYYHKLKEIAEKPGGKEAGEKGIEEIFRKYDEVEHLVHEAWRKEQDPSL,IRCFITPDITSKDCPNGHVCYTKTWCDAFCSIRGKRVDLGCAATCPTVKTGVDIQCCSTDNCNPFPTR,68,0.21,0.29,0.75,0.89,0.87,0.91,0.76,2.0,0.89,0.76,0.17,1.56,"0 hours, 2 minutes, 17 seconds",,1yi5,2506192105
1,1yi5_l88_s585564_mpnn5,88,4.466677807486631,0.69,,MMSFEEWEKLIEENKKYMIEKKFPIEHLMWLFDYRVDYAYENGLMSSEDAKKFFIEQKKLYEEALKDGTPIEELAKKLEELYETLLRK,IRCFITPDITSKDCPNGHVCYTKTWCDAFCSIRGKRVDLGCAATCPTVKTGVDIQCCSTDNCNPFPTR,68,0.15,0.23,0.8,0.93,0.92,0.94,0.84,2.8,0.94,0.83,0.09,1.99,"0 hours, 0 minutes, 44 seconds",,1yi5,2502152323
1,1yi5_l105_s971412_mpnn2,105,4.522182072829132,0.65,"F9,F35,F32,F7,F27,F31,F34,F29,F65,F28,F36,F33",MELSEEEKKGKEEAEKVLEEFNKKYEELFKEIKEAIENRDFETFEKLVNETSREMAEYYHKLKKIAETPGGKKAGEEGIKEIFRKYDEVEHLVHEAWRKEQDPSL,IRCFITPDITSKDCPNGHVCYTKTWCDAFCSIRGKRVDLGCAATCPTVKTGVDIQCCSTDNCNPFPTR,68,0.2,0.27,0.76,0.9,0.88,0.92,0.77,2.04,0.9,0.77,0.17,1.47,"0 hours, 0 minutes, 59 seconds",,1yi5,2506192105
1,7z14_l58_s935204_mpnn6,58,4.530880747126437,0.82,F41,SMPAKEERGWQILEEIVNEYMRKYGSVTYTMTRELWDLVERGASREEIRPAFEKEVEL,MICYNQQSSQPPTTKTCSETSCYKKTWRDHRGTIIERGCGCPKVKPGIKLHCCRTDKCNN,60,0.11,0.14,0.84,0.94,0.95,0.96,0.48,1.36,0.94,0.75,0.11,1.33,"0 hours, 0 minutes, 41 seconds",,7z14,2505300903
1,1yi5_l102_s938908_mpnn3,102,4.546015715109573,0.7,"F7,F27,F28,F29,F31,F32,F33,F34,F35,F36",SEEEKAKKVAEELKEEAYEEAIAKDDELWVKAHREDPEKALEEAKKWGEEFLKKFEEKIEKNKDVISEEQKEELREEVKRLVESMIAVLEMLVEDRKENEWH,IRCFITPDITSKDCPNGHVCYTKTWCDAFCSIRGKRVDLGCAATCPTVKTGVDIQCCSTDNCNPFPTR,68,0.17,0.24,0.78,0.91,0.89,0.92,0.77,2.27,0.93,0.79,0.12,2.63,"0 hours, 0 minutes, 56 seconds",Relaxed structure contains clashes.,1yi5,2506221452
1,5nq4_l84_s3585_mpnn4,84,4.568372023809524,0.77,,TIEELEKWEPEHIVIHYEMVKETVLEEMEEEPEMADFDIEAWVEKFPEIDFLKNKASEENKKVFEEIYPKFLKEIKEKQEELKK,LKCNKLVPIAYKTCPEGKNLCYKMFMMSDLTIPVKRGCIDVCPKNSLLVKYVCCNTDRCN,60,0.12,0.16,0.83,0.93,0.91,0.94,0.98,1.11,0.9,0.72,0.12,1.33,"0 hours, 1 minutes, 5 seconds",,5nq4,2501162148
1,1yi5_l86_s657243_mpnn5,86,4.608354993160055,0.74,F43,SMEELRERFERILREAEAVYISTYPWEPHYAQWVRRDFEDLRELFEEDPRRAVRELRHVVETHQKQTGRTDLPTEELAELEREVEA,IRCFITPDITSKDCPNGHVCYTKTWCDAFCSIRGKRVDLGCAATCPTVKTGVDIQCCSTDNCNPFPTR,68,0.15,0.21,0.79,0.93,0.91,0.94,0.82,2.17,0.93,0.81,0.1,1.52,"0 hours, 1 minutes, 1 seconds",,1yi5,2506190801
1,1yi5_l86_s657243_mpnn5,86,4.608354993160055,0.74,F43,SMEELRERFERILREAEAVYISTYPWEPHYAQWVRRDFEDLRELFEEDPRRAVRELRHVVETHQKQTGRTDLPTEELAELEREVEA,IRCFITPDITSKDCPNGHVCYTKTWCDAFCSIRGKRVDLGCAATCPTVKTGVDIQCCSTDNCNPFPTR,68,0.15,0.21,0.79,0.93,0.91,0.94,0.82,2.17,0.93,0.81,0.1,1.52,"0 hours, 1 minutes, 1 seconds",,1yi5,2506190801
3,1yi5_l153_s230218_mpnn2,153,4.6249706843521725,0.7,"H26-H37,H50,H51",SLSKEELELRYELEDVIDFLIDLYYMFELFMELVKNGKSKYPLKEIWEAWEGMFKEHSKILNNGHPEAKKVVELYEELKKIWNPEAEEITEEEKKILLELIIVGGEFAEYLYNEVLPKLIEKLPEMKEKVERWVGPYMEKMKEIKKEAEELLK,IRCFITPDITSKDCPNGHVCYTKTWCDAFCSIRGKRVDLGCAATCPTVKTGVDIQCCSTDNCNPFPTR,68,0.15,0.26,0.84,0.94,0.93,0.94,0.82,1.91,0.95,0.89,0.1,1.19,"0 hours, 1 minutes, 18 seconds",,1yi5,2501181203
1,7z14_l94_s249058_mpnn17,94,4.645122340425532,0.84,,SEELKQKFIEFVKELSKKFPTDMNKLTEKEWDEFTTKLIDFLWSLGEDFTIDFEEPKEDGTMDITVTTSSSTVIIRFTPERYEVQFNDGEVIPV,MICYNQQSSQPPTTKTCSETSCYKKTWRDHRGTIIERGCGCPKVKPGIKLHCCRTDKCNN,60,0.11,0.15,0.85,0.94,0.94,0.94,0.48,1.18,0.93,0.81,0.1,1.02,"0 hours, 0 minutes, 54 seconds",,7z14,2501230908
2,1yi5_l86_s657243_mpnn3,86,4.649592168262654,0.68,F43,SMEELKKKFEEILEKAKAIYISTYPWEPHYAQWVERDFEDLRKLFEKDPKKAVKELEHVIKTHQKQTGSKDFPVEELEELKKEVEK,IRCFITPDITSKDCPNGHVCYTKTWCDAFCSIRGKRVDLGCAATCPTVKTGVDIQCCSTDNCNPFPTR,68,0.16,0.24,0.75,0.91,0.89,0.92,0.82,1.8,0.86,0.71,0.15,1.75,"0 hours, 1 minutes, 0 seconds",,1yi5,2506190801
2,1yi5_l86_s657243_mpnn3,86,4.649592168262654,0.68,F43,SMEELKKKFEEILEKAKAIYISTYPWEPHYAQWVERDFEDLRKLFEKDPKKAVKELEHVIKTHQKQTGSKDFPVEELEELKKEVEK,IRCFITPDITSKDCPNGHVCYTKTWCDAFCSIRGKRVDLGCAATCPTVKTGVDIQCCSTDNCNPFPTR,68,0.16,0.24,0.75,0.91,0.89,0.92,0.82,1.8,0.86,0.71,0.15,1.75,"0 hours, 1 minutes, 0 seconds",,1yi5,2506190801
1,1yi5_l80_s978636_mpnn2,80,4.6658051470588235,0.74,"F40,F41,F42,F43,F44,F45",SVLEELRKELEEYVRKLVEENFSDPAKIEQMLEYFLKWVDIWVEDFEEVGDESLKERVFEEFKEEVEWLLEIHKDSKAWE,IRCFITPDITSKDCPNGHVCYTKTWCDAFCSIRGKRVDLGCAATCPTVKTGVDIQCCSTDNCNPFPTR,68,0.15,0.2,0.81,0.89,0.85,0.91,0.8,1.7,0.85,0.71,0.17,2.32,"0 hours, 1 minutes, 42 seconds",,1yi5,2506171955
2,1yi5_l78_s360473_mpnn5,78,4.675733408748115,0.78,,MVLSREEFEERVERIVEQVLAGFRRMAEEGWIPEEDVEKLAERVRELLERYWEEGKTFEEALDLTEEENWKYMKEHYP,IRCFITPDITSKDCPNGHVCYTKTWCDAFCSIRGKRVDLGCAATCPTVKTGVDIQCCSTDNCNPFPTR,68,0.16,0.24,0.74,0.93,0.93,0.94,0.78,1.93,0.92,0.74,0.11,1.19,"0 hours, 0 minutes, 38 seconds",,1yi5,2502170839
2,7z14_l79_s855285_mpnn2,79,4.738231012658228,0.75,"F32,F47",SLKEEVEKEIKELKEELQKMLDSESFTIYVTPHGERVSPENLLKELEKVEEEFKKNPEKYEEYAKKVEEIKKKFDMLTS,MICYNQQSSQPPTTKTCSETSCYKKTWRDHRGTIIERGCGCPKVKPGIKLHCCRTDKCNN,60,0.15,0.21,0.77,0.91,0.88,0.92,0.5,1.68,0.87,0.7,0.16,1.23,"0 hours, 1 minutes, 3 seconds",,7z14,2502082313
1,1yi5_l84_s182634_mpnn3,84,4.740532212885153,0.59,,SEKEKLLEKAYEEFGKLSDEIFLLIQRYSYENPGDEAKEDELQDKYLELNKEFAEWMESEEATEEKFEELKKKAEELIEEMKKL,IRCFITPDITSKDCPNGHVCYTKTWCDAFCSIRGKRVDLGCAATCPTVKTGVDIQCCSTDNCNPFPTR,68,0.21,0.33,0.75,0.91,0.9,0.92,0.8,2.19,0.95,0.83,0.09,0.9,"0 hours, 1 minutes, 7 seconds",Relaxed structure contains clashes.,1yi5,2505251415
1,1yi5_l78_s360473_mpnn4,78,4.746430995475112,0.78,,MVLKKEEFEKEVNRIVEQVLEGFRRMAEEGWIPEEDVEPLAEKVREKLYEYYEQGKTFEEALDLTEEENWKYMEEKYP,IRCFITPDITSKDCPNGHVCYTKTWCDAFCSIRGKRVDLGCAATCPTVKTGVDIQCCSTDNCNPFPTR,68,0.17,0.25,0.75,0.91,0.93,0.93,0.77,1.94,0.9,0.72,0.12,1.09,"0 hours, 1 minutes, 4 seconds",,1yi5,2502170839
1,1yi5_l89_s997750_mpnn1,89,4.752045604758758,0.74,F44,SLKEAEEKLRTLSPEQFDVVYREHDWLWAEFGRRTWDRPITEEDLEWFREKYEEMVRRVVESGVLSEEEAEEVLGPLFEVELEMIRSWM,IRCFITPDITSKDCPNGHVCYTKTWCDAFCSIRGKRVDLGCAATCPTVKTGVDIQCCSTDNCNPFPTR,68,0.14,0.21,0.78,0.93,0.91,0.94,0.8,3.91,0.95,0.82,0.09,1.48,"0 hours, 2 minutes, 12 seconds",,1yi5,2506190802
2,1yi5_l163_s630505_mpnn11,163,4.761709220498015,0.79,"F7,F27,F28,F29,F31,F32,F33,F34,F35,F36",SATDIEDAIFDNQWSFDLAWDAAYEVFKKAFEATGDEKLYEEMVETMLKIDDILWKMMHAPRRYREDNTDGKKIIEEGTIEIAKLMAEFIEKLDREEMLKIYEEVYKKVSETLAKNPLKPTGNDPKIDELLELLKEKFLGMLKFLIDMIKKGLSKEEAYKIIE,IRCFITPDITSKDCPNGHVCYTKTWCDAFCSIRGKRVDLGCAATCPTVKTGVDIQCCSTDNCNPFPTR,68,0.15,0.2,0.85,0.91,0.89,0.92,0.8,1.69,0.88,0.82,0.15,1.86,"0 hours, 1 minutes, 44 seconds",,1yi5,250628204125
2,1yi5_l102_s938908_mpnn5,102,4.7634998558246835,0.66,"F7,F27,F28,F29,F31,F32,F33,F34,F35,F36",SMEELAKKKAEEIKKKAYEEAIAFDDEMWVEAHRGPPEEALKRAKEWGEEFIKKFEKEIEENKDIITKEQQEELKEFVERLVKSMIDVLEMLVEDRKENEWH,IRCFITPDITSKDCPNGHVCYTKTWCDAFCSIRGKRVDLGCAATCPTVKTGVDIQCCSTDNCNPFPTR,68,0.17,0.25,0.77,0.91,0.86,0.93,0.76,1.67,0.93,0.79,0.13,2.65,"0 hours, 0 minutes, 55 seconds",,1yi5,2506221452
3,1yi5_l78_s437839_mpnn2,78,4.776997549019608,0.76,,MEISEREIKWAAWDVVDLLHIPLERIEEEMRKQDVEWLKKFLKQLELVKEKKLLPTEEHREYMEKMYELAKEILKEKE,IRCFITPDITSKDCPNGHVCYTKTWCDAFCSIRGKRVDLGCAATCPTVKTGVDIQCCSTDNCNPFPTR,68,0.14,0.21,0.78,0.94,0.93,0.95,0.94,2.01,0.83,0.67,0.18,1.4,"0 hours, 0 minutes, 44 seconds",,1yi5,250629043437
1,1yi5_l100_s442242_mpnn6,100,4.875907352941176,0.69,"F7,F27,F28,F29,F31,F32,F33,F34,F35,F36",MSPEEQELLYRFKKWLEQDIEWPLEYFRKEVEKDPSKGEKLKKEILELMKREAEMLIDYIIDWGKEEGKLPEDVEKLREKMKEIAEEKLKEMEKEMESLL,IRCFITPDITSKDCPNGHVCYTKTWCDAFCSIRGKRVDLGCAATCPTVKTGVDIQCCSTDNCNPFPTR,68,0.15,0.24,0.81,0.94,0.91,0.94,0.87,1.92,0.95,0.84,0.09,1.26,"0 hours, 0 minutes, 54 seconds",,1yi5,250628152234
1,1yi5_l100_s192196_mpnn4,100,4.87975955882353,0.77,"F7,F27,F28,F29,F31,F32,F33,F34,F35,F36",SFEELLRRYEEVVRRAVERAEGELPSEAEVEELIEELRPVLEELHRLIAELRPEEAYRADPELMEADIRDAWRQGYSMEEIARSMRWELRWIRHLYERVK,IRCFITPDITSKDCPNGHVCYTKTWCDAFCSIRGKRVDLGCAATCPTVKTGVDIQCCSTDNCNPFPTR,68,0.15,0.23,0.81,0.93,0.92,0.94,0.81,1.76,0.93,0.82,0.1,1.66,"0 hours, 0 minutes, 59 seconds",,1yi5,250628114351
3,5nq4_l86_s533102_mpnn8,86,4.895520348837209,0.72,,MEFKKLSYEEVLEYLEKNKDKFPYMARQVIPVMERMKKGSEIMQKLLEVFVDEFNEMLKDISEGMPFEVAWDNFMDKVDEESRKVE,LKCNKLVPIAYKTCPEGKNLCYKMFMMSDLTIPVKRGCIDVCPKNSLLVKYVCCNTDRCN,60,0.15,0.21,0.78,0.89,0.87,0.9,0.9,2.31,0.86,0.73,0.15,1.54,"0 hours, 1 minutes, 12 seconds",,5nq4,2501162231
2,1yi5_l96_s985107_mpnn11,96,4.9260684742647065,0.66,"F7,F27,F28,F29,F31,F32,F33,F34,F35,F36",MSPEELRERVLERIRRELEELAEKMVEEIAKETGLSREEIEAYAKREIEEVVRLSRDVLEENPDASEAEYEEVRRMALASLRDYLEWRRDWYLENN,IRCFITPDITSKDCPNGHVCYTKTWCDAFCSIRGKRVDLGCAATCPTVKTGVDIQCCSTDNCNPFPTR,68,0.17,0.29,0.78,0.93,0.92,0.93,0.82,5.95,0.95,0.84,0.08,1.27,"0 hours, 0 minutes, 58 seconds",,1yi5,250622174924
2,1yi5_l89_s121962_mpnn16,89,4.970942663582287,0.54,,LDPWHRVPWEIWEQLEPLMMEFLKEISKETGKSYKEVVRAFFEVYEENREFFDERFARVVEAMREDPEEGKRLLREMLEELRKLMLEKL,IRCFITPDITSKDCPNGHVCYTKTWCDAFCSIRGKRVDLGCAATCPTVKTGVDIQCCSTDNCNPFPTR,68,0.19,0.32,0.7,0.92,0.83,0.93,0.83,2.87,0.93,0.79,0.1,1.32,"0 hours, 0 minutes, 49 seconds",,1yi5,2501192248
2,1yi5_l96_s566473_mpnn1,96,4.98109068627451,0.68,,DAVDAFIEEVSSSDNPYLNEEQKEKFREIALEVKARTKTPQEFAIALDDELWRWWSELKYKSMQTPENYEKLKTDLENFEDFMENVFYPFAAKLLA,IRCFITPDITSKDCPNGHVCYTKTWCDAFCSIRGKRVDLGCAATCPTVKTGVDIQCCSTDNCNPFPTR,68,0.15,0.24,0.8,0.91,0.88,0.91,1.01,2.08,0.9,0.8,0.13,1.45,"0 hours, 2 minutes, 31 seconds",,1yi5,2501180040
2,1yi5_l85_s357894_mpnn3,85,4.992476643598616,0.69,"F26,F30",SSMVKKAKEEYEKAKEYVKKYEKEAPKIRAEAEEAIRRAEEYGEDVDVDWARNQLWWLEVDKEFFEKELEEAKKKYEETVKKAEE,IRCFITPDITSKDCPNGHVCYTKTWCDAFCSIRGKRVDLGCAATCPTVKTGVDIQCCSTDNCNPFPTR,68,0.18,0.25,0.74,0.92,0.91,0.93,0.83,2.97,0.9,0.62,0.18,1.31,"0 hours, 0 minutes, 44 seconds",Relaxed structure contains clashes.,1yi5,2502170019
1,1yi5_l96_s985107_mpnn2,96,5.02457950367647,0.69,"F7,F27,F28,F29,F31,F32,F33,F34,F35,F36",MSPEERRERVLEEIERELRRLAEELVARYAAETGASREELERFARREIEEVVRLSRDVMEENPDASEAELREVREMALASLRDYLEWRHDWYLENN,IRCFITPDITSKDCPNGHVCYTKTWCDAFCSIRGKRVDLGCAATCPTVKTGVDIQCCSTDNCNPFPTR,68,0.16,0.27,0.78,0.92,0.92,0.93,0.82,6.23,0.91,0.78,0.11,1.2,"0 hours, 1 minutes, 24 seconds",,1yi5,250622174924
1,1yi5_l89_s204901_mpnn7,89,5.046001321877066,0.64,,SEEEKKALEDKYFTEAARLVASKLLPLVGLDFDEVFSDEMSGSEIMRWIDREFPPSSAEMDAHWDEWAAINEEVQKEIDKKYKEELAKV,IRCFITPDITSKDCPNGHVCYTKTWCDAFCSIRGKRVDLGCAATCPTVKTGVDIQCCSTDNCNPFPTR,68,0.17,0.26,0.75,0.9,0.89,0.91,0.78,2.21,0.93,0.8,0.11,1.33,"0 hours, 0 minutes, 44 seconds",,1yi5,2505182302
2,1yi5_l89_s204901_mpnn4,89,5.046943985459352,0.62,,SEEEKKKLEDKYFDEAARKVAKKLLPLFGLDFNEVFSEEQSGSEIMRWIDREFPPSSAEFDKHWEKWEEINKEVQEEIDKKYKKELEKV,IRCFITPDITSKDCPNGHVCYTKTWCDAFCSIRGKRVDLGCAATCPTVKTGVDIQCCSTDNCNPFPTR,68,0.18,0.29,0.74,0.9,0.89,0.91,0.8,1.78,0.91,0.77,0.12,1.42,"0 hours, 0 minutes, 45 seconds",Relaxed structure contains clashes.,1yi5,2505182302
1,1yi5_l83_s181742_mpnn9,83,5.048808469170801,0.68,,MEKIEKEFEEKLKKGAFVAKHDPSLREKAEEFSDIYWRLWNIAWWENISFEEVFERYPEDYKRLVELGKILEEEYKKVKEKLE,IRCFITPDITSKDCPNGHVCYTKTWCDAFCSIRGKRVDLGCAATCPTVKTGVDIQCCSTDNCNPFPTR,68,0.18,0.28,0.76,0.91,0.91,0.92,0.8,2.76,0.92,0.78,0.12,0.93,"0 hours, 0 minutes, 44 seconds",,1yi5,2503252313
1,1yi5_l93_s644866_mpnn1,93,5.049822896900696,0.72,"F50,F51",SLFDKLKAEIEPEVKKKLEEIAKLTDEEEFLKKFYEFEIELQRKVRKAVEDLSYDEQDEIMWQWWWWFDEMDAEVLAKFQENKAKAAAAAAAA,IRCFITPDITSKDCPNGHVCYTKTWCDAFCSIRGKRVDLGCAATCPTVKTGVDIQCCSTDNCNPFPTR,68,0.14,0.18,0.8,0.91,0.9,0.91,0.76,1.84,0.93,0.78,0.11,1.29,"0 hours, 1 minutes, 31 seconds",,1yi5,2506172015
2,1yi5_l100_s750967_mpnn18,100,5.06528455882353,0.8,"F7,F27,F28,F29,F31,F32,F33,F34,F35,F36",SLEEKYKIVKDILEGGIKEAKSKKDEFDEWEQKMLEETSKEVEEFLKEFDKFIESGAKKEEQEKKLEELEIIAKDWVKFLKMFEPLKAFADEAEKKLSKL,IRCFITPDITSKDCPNGHVCYTKTWCDAFCSIRGKRVDLGCAATCPTVKTGVDIQCCSTDNCNPFPTR,68,0.15,0.22,0.81,0.92,0.94,0.93,0.8,1.88,0.93,0.8,0.1,1.0,"0 hours, 1 minutes, 31 seconds",,1yi5,250622183200
3,1yi5_l100_s442242_mpnn1,100,5.093133823529412,0.68,"F7,F27,F28,F29,F31,F32,F33,F34,F35,F36",MSPEEKELLYRFEKWMEQDAKWPLEYFKEVVEKDPSKGEELKEEILELMKREAEMLIEYTLDWAKEEGKMPEDVEKLRKKMKEIAEKKLKEMEEEMEKLL,IRCFITPDITSKDCPNGHVCYTKTWCDAFCSIRGKRVDLGCAATCPTVKTGVDIQCCSTDNCNPFPTR,68,0.15,0.24,0.8,0.93,0.9,0.93,0.88,2.65,0.95,0.83,0.09,1.28,"0 hours, 1 minutes, 53 seconds",,1yi5,250628152234
2,1yi5_l88_s585564_mpnn12,88,5.1024189505347595,0.69,,MISYEEWLELIDKNVEYMIKNKFPIEHVMWLFDYLVDYLYENGLMSSEDAKKFFIEQKKLYEEALKDGTPIKEFVEKLKELFEKLLNK,IRCFITPDITSKDCPNGHVCYTKTWCDAFCSIRGKRVDLGCAATCPTVKTGVDIQCCSTDNCNPFPTR,68,0.15,0.22,0.78,0.89,0.9,0.91,0.84,2.26,0.9,0.76,0.12,1.64,"0 hours, 0 minutes, 43 seconds",,1yi5,2502152323
4,1yi5_l146_s61041_mpnn2,146,5.157001913779211,0.67,"H26-H37,H50,H51",MSKEEKLRKKFYEVVSKVTRWYVDDILWAISLGEEELSKISMKEVAENMKWTIIWELTDKIPELSEEQAKAIVDKVIDVEELTKIIEKFVEKLKKIVKEVNPEGGPITEEQREKILAELEPELEEFIEKLVEKMMEVVPEVEKEFA,IRCFITPDITSKDCPNGHVCYTKTWCDAFCSIRGKRVDLGCAATCPTVKTGVDIQCCSTDNCNPFPTR,68,0.17,0.3,0.81,0.92,0.92,0.93,0.85,4.35,0.93,0.83,0.12,1.25,"0 hours, 1 minutes, 15 seconds",,1yi5,2501181203
2,1yi5_l153_s230218_mpnn1,153,5.167478854286813,0.7,"H26-H37,H50,H51",PLSPEELELRYKFEDVVDFIIDMYYMFELFKELVENGKSKYPLSEIYEAWKGMFEEHKEILEDGHPEAKKVVEIFEKLEEIWDPNAEEISEEEKKLLLELIIVGGEYVDYLYNEVLPKLVEQLPEMKEKVERWVGPYMEKTEKLKEEAEELLK,IRCFITPDITSKDCPNGHVCYTKTWCDAFCSIRGKRVDLGCAATCPTVKTGVDIQCCSTDNCNPFPTR,68,0.15,0.26,0.85,0.94,0.92,0.94,0.84,1.83,0.94,0.89,0.11,1.15,"0 hours, 2 minutes, 17 seconds",,1yi5,2501181203
5,1yi5_l90_s119911_mpnn5,90,5.16901633986928,0.68,,AKPKLSDEEFKKEFVEGLYELLKKLVGATEEEKEEMLKKLPLNILDNPGYLLWWATYVFEEIAKKKGKELTIEDMREITEWFDKFMAENR,IRCFITPDITSKDCPNGHVCYTKTWCDAFCSIRGKRVDLGCAATCPTVKTGVDIQCCSTDNCNPFPTR,68,0.17,0.23,0.78,0.9,0.89,0.92,0.82,2.1,0.91,0.8,0.12,1.17,"0 hours, 0 minutes, 49 seconds",,1yi5,250629043437
2,1yi5_l89_s489933_mpnn8,89,5.210274289491077,0.77,,GWEEYQKGWEEVKKLMEETLEVMPEELKPKFEEAYEIVFNPRAILESVPEKDWHAAHEKYMEQYDKASAFMYELYQKYVAPKLEEEKKK,IRCFITPDITSKDCPNGHVCYTKTWCDAFCSIRGKRVDLGCAATCPTVKTGVDIQCCSTDNCNPFPTR,68,0.16,0.21,0.79,0.91,0.9,0.92,0.95,1.55,0.92,0.77,0.14,1.04,"0 hours, 0 minutes, 47 seconds",Relaxed structure contains clashes.,1yi5,250629043437
2,1yi5_l96_s315414_mpnn5,96,5.217061887254902,0.7,H26-H37,MPIKLSRHEQIWMVDDMEWMRQEYIKKYGELPKDFKELFEYYKKVLTEQIEKEGMSEEEKKWQLEALEQVFELWEKYRKEKGLSTDTPLSVFKKEL,IRCFITPDITSKDCPNGHVCYTKTWCDAFCSIRGKRVDLGCAATCPTVKTGVDIQCCSTDNCNPFPTR,68,0.18,0.29,0.75,0.9,0.91,0.92,0.84,1.94,0.87,0.71,0.15,1.52,"0 hours, 1 minutes, 25 seconds",,1yi5,2501180802
2,1yi5_l77_s273340_mpnn10,77,5.239718296409473,0.63,,SMEEQKRLYDRYKIDELEDYINYAIEAGKDVSSEEFQKVIEKVKEWRKKLEKGEETGLSGREYWEMWEIAYGVAMSK,IRCFITPDITSKDCPNGHVCYTKTWCDAFCSIRGKRVDLGCAATCPTVKTGVDIQCCSTDNCNPFPTR,68,0.17,0.27,0.77,0.92,0.89,0.93,0.91,1.47,0.95,0.84,0.08,1.04,"0 hours, 0 minutes, 39 seconds",,1yi5,2505251549
1,1yi5_l85_s435547_mpnn5,85,5.2469636678200695,0.57,,GEEDFYKLYSFIKKFSDEERIEFLTELAKEEPKFRYVVEMEKLEAEHKKKSGGVEYWEVASEWERKDMIEIYSEVYPWFKEKFFK,IRCFITPDITSKDCPNGHVCYTKTWCDAFCSIRGKRVDLGCAATCPTVKTGVDIQCCSTDNCNPFPTR,68,0.19,0.32,0.72,0.94,0.93,0.94,0.82,2.75,0.94,0.8,0.09,1.5,"0 hours, 1 minutes, 23 seconds",,1yi5,2505271950
1,1yi5_l106_s791662_mpnn18,106,5.260033990011099,0.59,"F7,F27,F28,F29,F31,F32,F33,F34,F35,F36",VPPQVEKLIKRLEEEYPDFSKIVPEEHRYPSEELLARLAQDPWHQPLLGLSVEEFKVLLESEAKYMEKEEFLYYTSHWLIYAIYQGASEEKIEKMLEIALEVLNSL,IRCFITPDITSKDCPNGHVCYTKTWCDAFCSIRGKRVDLGCAATCPTVKTGVDIQCCSTDNCNPFPTR,68,0.2,0.34,0.77,0.89,0.85,0.91,0.81,1.7,0.91,0.82,0.11,1.14,"0 hours, 1 minutes, 29 seconds",,1yi5,250622072817
2,1yi5_l96_s750131_mpnn1,96,5.265060508578431,0.73,F26,MLSEEEKKKVQWIMAEVYDEFWKKVYDPKFWEWTREEIEKELDELYEKVKEKIKEEFPEEKQEEAIKYADEFWEKHREQMLEDIMWWVEEHKGDSP,IRCFITPDITSKDCPNGHVCYTKTWCDAFCSIRGKRVDLGCAATCPTVKTGVDIQCCSTDNCNPFPTR,68,0.16,0.22,0.78,0.91,0.92,0.93,0.78,1.3,0.91,0.75,0.14,1.61,"0 hours, 1 minutes, 44 seconds",,1yi5,2502170139
1,1yi5_l96_s750131_mpnn3,96,5.273376225490196,0.74,F26,MLSEEEKKKVQWIMAEEYDKFWKEVYDPKNWSWTDEEIEKKLDELKKRVIEKIKEEFPEEKQEEAIKYFEEFWEKHREQMFEDIKWWVDEHKGDKP,IRCFITPDITSKDCPNGHVCYTKTWCDAFCSIRGKRVDLGCAATCPTVKTGVDIQCCSTDNCNPFPTR,68,0.15,0.22,0.81,0.93,0.93,0.94,0.82,1.27,0.93,0.78,0.12,1.23,"0 hours, 0 minutes, 51 seconds",,1yi5,2502170139
1,1yi5_l95_s687783_mpnn3,95,5.27540866873065,0.81,"F43,F44",KKPLSEEEIEELLEKIKKYFVPAWEYERYLWENWDEVTDEEWVELQKKAKEYWEKAKEVIPEEVLRALVDYFWWNHVSPEEAGNDALLREILEKL,IRCFITPDITSKDCPNGHVCYTKTWCDAFCSIRGKRVDLGCAATCPTVKTGVDIQCCSTDNCNPFPTR,68,0.14,0.19,0.83,0.94,0.94,0.95,0.89,2.88,0.94,0.83,0.1,1.21,"0 hours, 1 minutes, 6 seconds",,1yi5,2506172008
1,1yi5_l95_s687783_mpnn3,95,5.27540866873065,0.81,"F43,F44",KKPLSEEEIEELLEKIKKYFVPAWEYERYLWENWDEVTDEEWVELQKKAKEYWEKAKEVIPEEVLRALVDYFWWNHVSPEEAGNDALLREILEKL,IRCFITPDITSKDCPNGHVCYTKTWCDAFCSIRGKRVDLGCAATCPTVKTGVDIQCCSTDNCNPFPTR,68,0.14,0.19,0.83,0.94,0.94,0.95,0.89,2.88,0.94,0.83,0.1,1.21,"0 hours, 1 minutes, 6 seconds",,1yi5,2506172008
6,1yi5_l90_s119911_mpnn8,90,5.278180555555556,0.68,,MKKPLSKEELKEKFVERLYELLKELVGATEEELEELKKQLPDNILDNPGYLLWFATYQFEKIAAKKGVELTIEDMRKITEWFDEFMAENF,IRCFITPDITSKDCPNGHVCYTKTWCDAFCSIRGKRVDLGCAATCPTVKTGVDIQCCSTDNCNPFPTR,68,0.17,0.23,0.77,0.89,0.86,0.91,0.81,1.75,0.92,0.8,0.11,1.21,"0 hours, 0 minutes, 45 seconds",,1yi5,250629043437
1,1yi5_l96_s812252_mpnn14,96,5.336704963235293,0.66,"H7,H8,H27,H28,H31,H32,H33,H37",MELSDEEKLEIFKEIYKELEKKYPGDIDKIRWPFYTILGEPMRVDENGYLTKEDQVRVVEVLQKWLEHGYTLDDFADEPEDVREALKIMIEVVESY,IRCFITPDITSKDCPNGHVCYTKTWCDAFCSIRGKRVDLGCAATCPTVKTGVDIQCCSTDNCNPFPTR,68,0.17,0.27,0.78,0.91,0.88,0.93,0.96,1.75,0.92,0.82,0.11,1.2,"0 hours, 1 minutes, 14 seconds",,1yi5,2501181208
1,1yi5_l124_s870081_mpnn2,124,5.3465061669829215,0.73,"F7,F27,F28,F29,F31,F32,F33,F34,F35,F36",SMETKIEVLKKALEEGLKLVEAIVESMRMYEIADEKWFKRYLQDFIEVYVSKPLEEATGEDYSDLKVTDEQIEEAMKKAGVTKEEIEELKNKSFEERIELYAKVLTTWIKLFVEGLIKEFEEEE,IRCFITPDITSKDCPNGHVCYTKTWCDAFCSIRGKRVDLGCAATCPTVKTGVDIQCCSTDNCNPFPTR,68,0.17,0.26,0.82,0.91,0.91,0.92,0.86,2.87,0.91,0.84,0.13,1.51,"0 hours, 1 minutes, 6 seconds",,1yi5,250628172859
1,1yi5_l76_s568914_mpnn11,76,5.418384287925697,0.61,,SAMEKEIEERMEKVYDIMIDYLKKIDPEMAKSLEKDREYMKPEWFLEDVEYFKEYLKKNESEEKANEIMKEIEKYL,IRCFITPDITSKDCPNGHVCYTKTWCDAFCSIRGKRVDLGCAATCPTVKTGVDIQCCSTDNCNPFPTR,68,0.21,0.32,0.7,0.9,0.86,0.9,0.82,2.41,0.91,0.79,0.11,1.38,"0 hours, 0 minutes, 45 seconds",,1yi5,2505281945
1,1yi5_l85_s194532_mpnn20,85,5.419689446366782,0.57,,SLEEKIALLLERTQEVLAVAEKDVDDGLFAHDELVREMMELGFPLSILERFDETWDRALHETKRGKLKHVSDGPIQALLEELRGL,IRCFITPDITSKDCPNGHVCYTKTWCDAFCSIRGKRVDLGCAATCPTVKTGVDIQCCSTDNCNPFPTR,68,0.21,0.34,0.69,0.89,0.89,0.9,0.86,2.97,0.91,0.77,0.1,1.43,"0 hours, 1 minutes, 1 seconds",Relaxed structure contains clashes.,1yi5,2501192206
1,1yi5_l89_s489933_mpnn1,89,5.419756278916061,0.77,,GWEEYQKGWEEVKKLMEETYKVMPKEEQKKFEEAFKIVFNPREILKDVPEKDWHEEHEKYMEKYDEASAYMYELYEKYVKPKLEEEAKK,IRCFITPDITSKDCPNGHVCYTKTWCDAFCSIRGKRVDLGCAATCPTVKTGVDIQCCSTDNCNPFPTR,68,0.15,0.21,0.79,0.92,0.9,0.92,0.94,1.5,0.93,0.77,0.13,1.01,"0 hours, 1 minutes, 57 seconds",,1yi5,250629043437
4,1yi5_l115_s803188_mpnn5,115,5.420750639386189,0.66,"F7,F27,F28,F29,F31,F32,F33,F34,F35,F36",PPPPLSPEEQKVAETARKIAEERAEKFYEEVMKKWKEESKGDKELEKELSKVTLEKFKEFLIKYIVYEALWMQRSRKEHGLPAPSEEEIRRHVERELEWLKKLSPKDFIKMINRM,IRCFITPDITSKDCPNGHVCYTKTWCDAFCSIRGKRVDLGCAATCPTVKTGVDIQCCSTDNCNPFPTR,68,0.17,0.28,0.79,0.92,0.88,0.93,0.85,1.3,0.92,0.78,0.14,1.14,"0 hours, 1 minutes, 4 seconds",,1yi5,250628152234
2,1yi5_l115_s803188_mpnn2,115,5.440691815856777,0.69,"F7,F27,F28,F29,F31,F32,F33,F34,F35,F36",PPPPLSEEEKKVAETARKIAEEKAEEFYEKVMEKWKKESKGDKELEKELSKITEEKFKEFLVKYIVYEALWMQRSRKEHGLPAPSEEEIRRHVERELEWLLKLSPEDFIKMIERM,IRCFITPDITSKDCPNGHVCYTKTWCDAFCSIRGKRVDLGCAATCPTVKTGVDIQCCSTDNCNPFPTR,68,0.16,0.26,0.81,0.92,0.89,0.93,0.84,1.56,0.91,0.79,0.14,1.11,"0 hours, 1 minutes, 4 seconds",,1yi5,250628152234
2,1yi5_l94_s739327_mpnn17,94,5.444510325406759,0.69,"F12,F35,F36",SLLDKVIKIYSEEILRLLTEKGMESLLWATWEIEWKHPEFAQWMVENLSREELIAIDDVIWELDMEERESKRRGEPLSPEELVERFVKRMRELE,IRCFITPDITSKDCPNGHVCYTKTWCDAFCSIRGKRVDLGCAATCPTVKTGVDIQCCSTDNCNPFPTR,68,0.15,0.26,0.79,0.93,0.92,0.93,0.79,9.97,0.95,0.85,0.08,1.23,"0 hours, 0 minutes, 47 seconds",,1yi5,2502161344
1,7z14_l94_s587991_mpnn6,94,5.4474237588652485,0.8,F49,RLSAEEIKEMIIEFFKHVKFTYHSPDDFWIDVNPEWEPDEEEWEKKWDLIMTTLWTYPEAWPLLKEINDTIQKDPSAIPEEALSKLVGLIQSLP,MICYNQQSSQPPTTKTCSETSCYKKTWRDHRGTIIERGCGCPKVKPGIKLHCCRTDKCNN,60,0.13,0.17,0.79,0.91,0.9,0.92,0.49,1.48,0.9,0.79,0.12,1.35,"0 hours, 0 minutes, 53 seconds",,7z14,2506192002
2,5nq4_l120_s575933_mpnn12,120,5.50311111111111,0.73,,MKSKEELLNEIIELSKKYYEKIKTEDVSNEEMAEMIRELFGKFIEIAEKYGIDRKDTLDQLAMVYFHWVQEAIAYRLDEEQLDKLEELDDKFMEKFMAGEGSDVEFLKEIEKEYIEILSL,LKCNKLVPIAYKTCPEGKNLCYKMFMMSDLTIPVKRGCIDVCPKNSLLVKYVCCNTDRCN,60,0.12,0.2,0.83,0.93,0.9,0.94,0.93,1.97,0.93,0.84,0.1,0.94,"0 hours, 1 minutes, 9 seconds",,5nq4,2501171625
1,1yi5_l100_s750967_mpnn2,100,5.5232448529411755,0.8,"F7,F27,F28,F29,F31,F32,F33,F34,F35,F36",SLEEKYKIVKEILEGGIKEAKKKYSEFDEWEKKMLDETSKEVEEFLKKLDEKLESGVEEEEKKKLIEELIIIAKDWIKFLKMFEPLKEFADEAEKKLETL,IRCFITPDITSKDCPNGHVCYTKTWCDAFCSIRGKRVDLGCAATCPTVKTGVDIQCCSTDNCNPFPTR,68,0.14,0.21,0.81,0.93,0.94,0.93,0.78,1.76,0.94,0.81,0.1,1.04,"0 hours, 2 minutes, 16 seconds",,1yi5,250622183200
1,1yi5_l77_s273340_mpnn4,77,5.527564935064936,0.66,,SMEEQKRLYDRYKIDELEDYINYAEEAGKDTSSPEFQEVKKKVKEWRERLEKGEETGLSGREYWKMWEIAYGVAMSK,IRCFITPDITSKDCPNGHVCYTKTWCDAFCSIRGKRVDLGCAATCPTVKTGVDIQCCSTDNCNPFPTR,68,0.16,0.24,0.79,0.92,0.9,0.93,0.91,1.23,0.95,0.84,0.08,1.04,"0 hours, 0 minutes, 42 seconds",,1yi5,2505251549
1,1yi5_l146_s61041_mpnn1,146,5.528367244157938,0.7,"H26-H37,H50,H51",MSEEEIIREKFYEVVRKVTRWYLDDILWAISAGEEELSKISLKEVAENFKWTIIWELTDVLPEMSEEEAEAIVDRVIDVEELTKVIEEFVKKLKELVKKVNPDGGPITKEQYEEIRKELEPEIEKFVEELVEKMMEVIPEVKKEFE,IRCFITPDITSKDCPNGHVCYTKTWCDAFCSIRGKRVDLGCAATCPTVKTGVDIQCCSTDNCNPFPTR,68,0.17,0.29,0.82,0.91,0.9,0.92,0.9,2.54,0.92,0.82,0.13,1.44,"0 hours, 2 minutes, 7 seconds",,1yi5,2501181203
1,1yi5_l100_s808693_mpnn3,100,5.562647058823529,0.68,"F7,F27,F28,F29,F31,F32,F33,F34,F35,F36",MMSEETKELKKKLEELVKRLKERLPEHKEWLEERSSEILELLESEDYAKLVEKVREDFVEWDELVRKDPSIPRKDWWYIDDMWVELYEFAKRKAEEQKKK,IRCFITPDITSKDCPNGHVCYTKTWCDAFCSIRGKRVDLGCAATCPTVKTGVDIQCCSTDNCNPFPTR,68,0.17,0.27,0.77,0.91,0.89,0.91,0.78,2.98,0.91,0.77,0.12,2.1,"0 hours, 0 minutes, 57 seconds",,1yi5,250622174947
5,1yi5_l162_s755634_mpnn4,162,5.598272512708787,0.67,"F7,F27,F28,F29,F31,F32,F33,F34,F35,F36",MMSEEEVKEEFEKLLKVVMAEILYIFDRSHQKEFHERMLEGDTNPELEAEHEKREDYIMKMSELYKKIKEVLSKMSIETLKELIKKLKEILKLMEKLPKENLERAVVLFMEAFYNGDKDISKVISKLETEEEKKFVELLWEVLKPVLEALAEVLGLPKDKFF,IRCFITPDITSKDCPNGHVCYTKTWCDAFCSIRGKRVDLGCAATCPTVKTGVDIQCCSTDNCNPFPTR,68,0.2,0.33,0.8,0.9,0.86,0.91,0.82,4.42,0.88,0.82,0.17,1.46,"0 hours, 1 minutes, 36 seconds",,1yi5,250628204125
3,1yi5_l145_s780888_mpnn4,145,5.598508113590263,0.74,"F7,F27,F28,F29,F31,F32,F33,F34,F35,F36",SPIEKAFEIIERYEKLYEVEAKKWGIDMEEVFKLLKEKVPNYFDLLKEVYELLKKDVPFEELLNKIKEYFDHQLEIIRGMISGELGEWEPRHILGFMEFLNWRLWAFDEALDVLYPDKIEEIDKFRKEVQKELAELVREVTARME,IRCFITPDITSKDCPNGHVCYTKTWCDAFCSIRGKRVDLGCAATCPTVKTGVDIQCCSTDNCNPFPTR,68,0.14,0.24,0.85,0.93,0.92,0.94,0.88,1.81,0.94,0.88,0.1,1.24,"0 hours, 1 minutes, 19 seconds",,1yi5,250628204125
1,1yi5_l88_s984765_mpnn2,88,5.661798963903744,0.71,F33,MSEEEVYLYDFYWYGWHDVQMVQHNPSMYEEVYKLFEDLVKAHPLEKYSKETQEFLEYLIEKIKKYMEKAKNGEKITKEEWEEELKKR,IRCFITPDITSKDCPNGHVCYTKTWCDAFCSIRGKRVDLGCAATCPTVKTGVDIQCCSTDNCNPFPTR,68,0.16,0.23,0.81,0.9,0.9,0.91,0.95,4.67,0.9,0.79,0.12,1.69,"0 hours, 0 minutes, 48 seconds",,1yi5,2502160913
2,1yi5_l83_s5986_mpnn11,83,5.685416371367824,0.76,"F27,F28,F29,F31,F32,F33,F34,F35,F36,F65",SLWELYEKLKKMSLEELEKMLNELLERGSAVPQSVLDALPEPDLFERFRKDFLDWYKDGYVWEATWLLVDMEEFLARQLEEQA,IRCFITPDITSKDCPNGHVCYTKTWCDAFCSIRGKRVDLGCAATCPTVKTGVDIQCCSTDNCNPFPTR,68,0.16,0.22,0.8,0.91,0.91,0.92,0.86,2.19,0.86,0.73,0.15,1.61,"0 hours, 0 minutes, 41 seconds",,1yi5,250622183529
2,1yi5_l96_s23541_mpnn13,96,5.7639453125,0.61,"H7,H8,H27,H28,H31,H32,H33,H37",EVDYSELDLKKLEELKEKFKKAIEEGDYKEVYEVFEEFMIMLYNVSNSEKLITPEMWKVYDELVDAYMWDKEPSKETLEKALKFFDEVIEKVKENL,IRCFITPDITSKDCPNGHVCYTKTWCDAFCSIRGKRVDLGCAATCPTVKTGVDIQCCSTDNCNPFPTR,68,0.2,0.32,0.76,0.9,0.89,0.93,0.85,2.0,0.92,0.83,0.12,1.08,"0 hours, 0 minutes, 48 seconds",,1yi5,2501181208
1,1yi5_l81_s553590_mpnn4,81,5.7674055918663765,0.77,"F7,F31,F32,F33,F34,F35,F36",SKEEVERYKKMIEEGKKEREEYIKEMDGWINDPQNAPFAEFHQKNRDHWVEEWERDIAWAEKKYEELAKEVEELEKNPESL,IRCFITPDITSKDCPNGHVCYTKTWCDAFCSIRGKRVDLGCAATCPTVKTGVDIQCCSTDNCNPFPTR,68,0.17,0.21,0.8,0.91,0.93,0.92,0.85,2.18,0.93,0.72,0.15,1.13,"0 hours, 1 minutes, 27 seconds",,1yi5,2506210016
1,1yi5_l81_s553590_mpnn4,81,5.7674055918663765,0.77,"F7,F31,F32,F33,F34,F35,F36",SKEEVERYKKMIEEGKKEREEYIKEMDGWINDPQNAPFAEFHQKNRDHWVEEWERDIAWAEKKYEELAKEVEELEKNPESL,IRCFITPDITSKDCPNGHVCYTKTWCDAFCSIRGKRVDLGCAATCPTVKTGVDIQCCSTDNCNPFPTR,68,0.17,0.21,0.8,0.91,0.93,0.92,0.85,2.18,0.93,0.72,0.15,1.13,"0 hours, 1 minutes, 27 seconds",,1yi5,2506210017
1,1yi5_l81_s553590_mpnn4,81,5.7674055918663765,0.77,"F7,F31,F32,F33,F34,F35,F36",SKEEVERYKKMIEEGKKEREEYIKEMDGWINDPQNAPFAEFHQKNRDHWVEEWERDIAWAEKKYEELAKEVEELEKNPESL,IRCFITPDITSKDCPNGHVCYTKTWCDAFCSIRGKRVDLGCAATCPTVKTGVDIQCCSTDNCNPFPTR,68,0.17,0.21,0.8,0.91,0.93,0.92,0.85,2.18,0.93,0.72,0.15,1.13,"0 hours, 1 minutes, 27 seconds",,1yi5,2506210017
1,1yi5_l81_s553590_mpnn4,81,5.7674055918663765,0.77,"F7,F31,F32,F33,F34,F35,F36",SKEEVERYKKMIEEGKKEREEYIKEMDGWINDPQNAPFAEFHQKNRDHWVEEWERDIAWAEKKYEELAKEVEELEKNPESL,IRCFITPDITSKDCPNGHVCYTKTWCDAFCSIRGKRVDLGCAATCPTVKTGVDIQCCSTDNCNPFPTR,68,0.17,0.21,0.8,0.91,0.93,0.92,0.85,2.18,0.93,0.72,0.15,1.13,"0 hours, 1 minutes, 27 seconds",,1yi5,2506210016
4,1yi5_l72_s458015_mpnn8,72,5.773251633986928,0.7,,MLSEEEQKYLKKIEEEVEKYKKEYPELKRFFEEVIEYFKRESKGDPEKAEKLYKYMMEEIKYWVGYEKYMKG,IRCFITPDITSKDCPNGHVCYTKTWCDAFCSIRGKRVDLGCAATCPTVKTGVDIQCCSTDNCNPFPTR,68,0.17,0.24,0.77,0.92,0.91,0.93,0.92,2.56,0.92,0.77,0.12,1.23,"0 hours, 0 minutes, 42 seconds",,1yi5,250629043437
1,1yi5_l79_s180988_mpnn20,79,5.77553983618764,0.7,"F50,F51",SEMEEAIEEVKKLFEKVREYLKDSPWYYQNELDEVEHDFEKYKHLIKDPEELIKMVKEALEDTFWIHGVDFEKVEEAIK,IRCFITPDITSKDCPNGHVCYTKTWCDAFCSIRGKRVDLGCAATCPTVKTGVDIQCCSTDNCNPFPTR,68,0.18,0.28,0.74,0.91,0.89,0.92,0.79,2.88,0.93,0.79,0.1,0.89,"0 hours, 0 minutes, 46 seconds",,1yi5,2506172129
1,9bk6_l62_s416056_mpnn2,62,5.775942204301075,0.82,,SAEMERDAKWIIEHLEKMIEIVKSEEYKEDLKKHGQDVEKTVEKMVKDWSYVIEKAREVLKE,LKCNQLIPPFWKTCPKGKNLCYKMTMRAAPMVPVKRGCIDVCPKSSLLIKYMCCNTDKCN,60,0.1,0.11,0.85,0.95,0.95,0.95,0.3,0.67,0.96,0.77,0.08,0.88,"0 hours, 1 minutes, 3 seconds",,9bk6,250624073608
1,1yi5_l96_s566473_mpnn4,96,5.827169883578431,0.69,,GAVEAFIEEVSSPENPYLNEEQRKVFREIAEAVAARTKTPQEFAIALDDELWRWWSKLKYESMQTPENEKRLKETLENFEDFMENVFYPFAATLLA,IRCFITPDITSKDCPNGHVCYTKTWCDAFCSIRGKRVDLGCAATCPTVKTGVDIQCCSTDNCNPFPTR,68,0.16,0.23,0.8,0.9,0.88,0.9,0.99,2.62,0.9,0.79,0.12,1.18,"0 hours, 0 minutes, 55 seconds",,1yi5,2501180040
4,1yi5_l134_s79375_mpnn7,134,5.8405931738367,0.68,"F7,F27,F28,F29,F31,F32,F33,F34,F35,F36",GGEVYERLMGELERDEEIFKNYLNEEDVTEWQAVESMWGWLWWATQELTREFNKVPEEKLSEEEKKEWEEFEKWKKEMEEKIKSLLKNPDAKISEEQRKQYLKLFDEMVERYRKMIELVAKLHAKYLGEPMPEE,IRCFITPDITSKDCPNGHVCYTKTWCDAFCSIRGKRVDLGCAATCPTVKTGVDIQCCSTDNCNPFPTR,68,0.18,0.31,0.79,0.93,0.93,0.95,0.78,4.68,0.93,0.84,0.13,1.31,"0 hours, 1 minutes, 21 seconds",,1yi5,250628172859
2,9bk6_l62_s416056_mpnn1,62,5.9128077956989245,0.82,,SMEMERDAKWIIEHLEKMIEIVKSEEYKEDLKKHGQNVEETVGKMIKDWNYVIEKAKEVLEE,LKCNQLIPPFWKTCPKGKNLCYKMTMRAAPMVPVKRGCIDVCPKSSLLIKYMCCNTDKCN,60,0.1,0.11,0.85,0.95,0.95,0.95,0.3,0.65,0.96,0.78,0.09,0.96,"0 hours, 2 minutes, 34 seconds",,9bk6,250624073608
4,1yi5_l145_s780888_mpnn2,145,6.0125988843813385,0.73,"F7,F27,F28,F29,F31,F32,F33,F34,F35,F36",SPIEEAKKILERYEKLLEVEMKKWGIDMEKIFKKLKEKVPDYLKLYEEVLELIEKDVPFEELFEKIKEYFEHILGIIEDMISGKLGKWDPKDILGFMEWLNWRLWALDEALDVLYPDKIDEIDKFVKEIQEKLAKMVREVTEKMA,IRCFITPDITSKDCPNGHVCYTKTWCDAFCSIRGKRVDLGCAATCPTVKTGVDIQCCSTDNCNPFPTR,68,0.15,0.28,0.83,0.94,0.93,0.94,0.84,1.32,0.95,0.88,0.1,1.13,"0 hours, 1 minutes, 56 seconds",,1yi5,250628204125
2,1yi5_l81_s553590_mpnn2,81,6.027126906318083,0.72,"F7,F31,F32,F33,F34,F35,F36",MEEEVERYERMIKEGEKEKAEYEKEMEGWINDPSNKPFAEFHKKNLEHWVEEWDRDIEWARKQYEELKKKVEELKKNPESL,IRCFITPDITSKDCPNGHVCYTKTWCDAFCSIRGKRVDLGCAATCPTVKTGVDIQCCSTDNCNPFPTR,68,0.18,0.23,0.79,0.9,0.91,0.9,0.84,3.93,0.9,0.7,0.16,1.54,"0 hours, 1 minutes, 40 seconds",,1yi5,2506210017
2,1yi5_l81_s553590_mpnn2,81,6.027126906318083,0.72,"F7,F31,F32,F33,F34,F35,F36",MEEEVERYERMIKEGEKEKAEYEKEMEGWINDPSNKPFAEFHKKNLEHWVEEWDRDIEWARKQYEELKKKVEELKKNPESL,IRCFITPDITSKDCPNGHVCYTKTWCDAFCSIRGKRVDLGCAATCPTVKTGVDIQCCSTDNCNPFPTR,68,0.18,0.23,0.79,0.9,0.91,0.9,0.84,3.93,0.9,0.7,0.16,1.54,"0 hours, 1 minutes, 40 seconds",,1yi5,2506210017
2,1yi5_l81_s553590_mpnn2,81,6.027126906318083,0.72,"F7,F31,F32,F33,F34,F35,F36",MEEEVERYERMIKEGEKEKAEYEKEMEGWINDPSNKPFAEFHKKNLEHWVEEWDRDIEWARKQYEELKKKVEELKKNPESL,IRCFITPDITSKDCPNGHVCYTKTWCDAFCSIRGKRVDLGCAATCPTVKTGVDIQCCSTDNCNPFPTR,68,0.18,0.23,0.79,0.9,0.91,0.9,0.84,3.93,0.9,0.7,0.16,1.54,"0 hours, 1 minutes, 40 seconds",,1yi5,2506210016
2,1yi5_l81_s553590_mpnn2,81,6.027126906318083,0.72,"F7,F31,F32,F33,F34,F35,F36",MEEEVERYERMIKEGEKEKAEYEKEMEGWINDPSNKPFAEFHKKNLEHWVEEWDRDIEWARKQYEELKKKVEELKKNPESL,IRCFITPDITSKDCPNGHVCYTKTWCDAFCSIRGKRVDLGCAATCPTVKTGVDIQCCSTDNCNPFPTR,68,0.18,0.23,0.79,0.9,0.91,0.9,0.84,3.93,0.9,0.7,0.16,1.54,"0 hours, 1 minutes, 40 seconds",,1yi5,2506210016
2,1yi5_l100_s808693_mpnn2,100,6.027795588235294,0.63,"F7,F27,F28,F29,F31,F32,F33,F34,F35,F36",MMSEETKELKKKLEELVEKLKKELPDLKEFLDKYSKEILELLESENYKELVEKVREYFVEWDELVRKNPKISRKSWWYVDDMWVELYEYGERKAKELEEK,IRCFITPDITSKDCPNGHVCYTKTWCDAFCSIRGKRVDLGCAATCPTVKTGVDIQCCSTDNCNPFPTR,68,0.19,0.3,0.76,0.9,0.89,0.92,0.82,2.38,0.91,0.76,0.13,1.17,"0 hours, 1 minutes, 21 seconds",,1yi5,250622174947
1,1yi5_l96_s937110_mpnn9,96,6.047140778186275,0.68,"F7,F27,F28,F29,F31,F32,F33,F34,F35,F36",ARQFTPEMQKLLEKMEEMVKLVEKYIPEEVEKVKEMVNKVYNFYKPNMPDPSDAEDVEWQEKEFRENYMFVYRWVKEKFEERRKKEGGPKLEISED,IRCFITPDITSKDCPNGHVCYTKTWCDAFCSIRGKRVDLGCAATCPTVKTGVDIQCCSTDNCNPFPTR,68,0.18,0.29,0.77,0.91,0.93,0.94,0.8,1.65,0.89,0.77,0.15,1.25,"0 hours, 0 minutes, 50 seconds",,1yi5,250622151951
1,1yi5_l96_s984429_mpnn16,96,6.149219515931373,0.55,,PPSPKEISEKGIKQTEKLHADYLASYPNMSPKMKKMVEDLHNMTIELWKKMAEEPSVERIELIIEMQDFWHRDIKTEEELEKEYNKLKKKYKEVSK,IRCFITPDITSKDCPNGHVCYTKTWCDAFCSIRGKRVDLGCAATCPTVKTGVDIQCCSTDNCNPFPTR,68,0.2,0.34,0.74,0.92,0.89,0.94,0.8,1.65,0.93,0.82,0.1,0.87,"0 hours, 0 minutes, 58 seconds",,1yi5,2505280909
1,9bk6_l84_s787601_mpnn1,84,6.28092757936508,0.84,,KMSIAELIEWVGDKQAEIMHWVDENWRTMPVEELEKKFMEELEKLKEEVKEKAPSEEAAEPFLKNIEEIKEVMEREFEKKKALE,LKCNQLIPPFWKTCPKGKNLCYKMTMRAAPMVPVKRGCIDVCPKSSLLIKYMCCNTDKCN,60,0.1,0.11,0.87,0.95,0.96,0.96,0.29,0.78,0.95,0.79,0.1,0.8,"0 hours, 2 minutes, 35 seconds",Relaxed structure contains clashes.,9bk6,250623185033
2,1yi5_l87_s145491_mpnn7,87,6.284470081135902,0.58,,SSSMSFEEALKYLYENKEKIEAQLRGELGEKIVEEFGWEYRHELIWYFEPLIDFAKHPEAQKKPEYVEAAKKYLENFLKLYNEFLSK,IRCFITPDITSKDCPNGHVCYTKTWCDAFCSIRGKRVDLGCAATCPTVKTGVDIQCCSTDNCNPFPTR,68,0.18,0.29,0.74,0.9,0.91,0.92,0.84,4.12,0.93,0.8,0.11,1.54,"0 hours, 0 minutes, 59 seconds",Relaxed structure contains clashes.,1yi5,2505261957
2,9bk6_l84_s787601_mpnn2,84,6.295032738095238,0.84,,KLSIAELIEWVGDKQAEIMHWVDKNWRTMPVEELEEKFRKRLEELKKEVKEKSPSEEDAEPFIKNIDEIEEVMEREFERRRELE,LKCNQLIPPFWKTCPKGKNLCYKMTMRAAPMVPVKRGCIDVCPKSSLLIKYMCCNTDKCN,60,0.09,0.11,0.88,0.96,0.96,0.96,0.28,0.78,0.95,0.79,0.1,0.87,"0 hours, 1 minutes, 12 seconds",,9bk6,250623185033
1,1yi5_l71_s68597_mpnn13,71,6.300110811930406,0.73,,MELKEEVERLDEELNELERRMDEEILRRSGGQHMSDAFWAAHDAVDAELAPQVEELYPKYKAKKEELEKSL,IRCFITPDITSKDCPNGHVCYTKTWCDAFCSIRGKRVDLGCAATCPTVKTGVDIQCCSTDNCNPFPTR,68,0.17,0.23,0.73,0.92,0.91,0.94,0.76,1.38,0.92,0.7,0.14,1.01,"0 hours, 0 minutes, 47 seconds",,1yi5,250625132641
1,1yi5_l86_s978985_mpnn17,86,6.301656121751026,0.58,F43,AEEKVKEIEKKYKELKEKVEKLPKEYDKLLAEAMHGWHNDSPEDDALWEEAMKKNEELKKVLEEYKKVEEELKKAKEELEKLKKLS,IRCFITPDITSKDCPNGHVCYTKTWCDAFCSIRGKRVDLGCAATCPTVKTGVDIQCCSTDNCNPFPTR,68,0.24,0.32,0.66,0.87,0.83,0.89,0.8,4.29,0.87,0.61,0.22,1.42,"0 hours, 1 minutes, 25 seconds",,1yi5,2506172009
7,1yi5_l72_s458015_mpnn7,72,6.30781147875817,0.65,,HMSEEEKKYYEEIKKKVEEYLKEYPELERFGKEVLEYFKKESKGDPEKAKKLKEYMMEEIDYWVGYEKYMKG,IRCFITPDITSKDCPNGHVCYTKTWCDAFCSIRGKRVDLGCAATCPTVKTGVDIQCCSTDNCNPFPTR,68,0.17,0.24,0.74,0.92,0.9,0.93,0.9,2.4,0.91,0.76,0.12,1.35,"0 hours, 0 minutes, 42 seconds",,1yi5,250629043437
8,1yi5_l73_s703700_mpnn16,73,6.3703797340854145,0.61,,SWEEFQKKWREYYIFHDWALKFMEDPSTEMPKDVEVLDLFEEAKKLKPEERKPFFEKQHDKEWKEVMAIYDSL,IRCFITPDITSKDCPNGHVCYTKTWCDAFCSIRGKRVDLGCAATCPTVKTGVDIQCCSTDNCNPFPTR,68,0.18,0.26,0.71,0.86,0.88,0.88,0.82,3.55,0.89,0.72,0.12,1.06,"0 hours, 0 minutes, 40 seconds",,1yi5,250629043437
4,9bk6_l67_s13266_mpnn3,67,6.439539800995025,0.8,,EEEMRKKILEILRKAKMDDVIEKAEREKLSWPEIVVEAARVTQRDPSYIPYLDEIIEVVKEYDKKVS,LKCNQLIPPFWKTCPKGKNLCYKMTMRAAPMVPVKRGCIDVCPKSSLLIKYMCCNTDKCN,60,0.1,0.12,0.84,0.94,0.93,0.95,0.32,0.79,0.92,0.76,0.11,0.91,"0 hours, 0 minutes, 39 seconds",,9bk6,250624095501
1,1yi5_l86_s832794_mpnn20,86,6.467008378932968,0.76,,SPEEAYKELMEKVKEGGGEELAKEIEEVFRRYIPDDPAALPDDWARWEELGRELEPLIKRLPEEYQKEIVDLYWRWVWAVREAHAA,IRCFITPDITSKDCPNGHVCYTKTWCDAFCSIRGKRVDLGCAATCPTVKTGVDIQCCSTDNCNPFPTR,68,0.18,0.29,0.75,0.91,0.94,0.92,0.84,6.92,0.93,0.81,0.1,1.61,"0 hours, 0 minutes, 40 seconds",,1yi5,2501192248
3,9bk6_l67_s13266_mpnn4,67,6.48744776119403,0.8,,EKEMTEKILEILREAKMYEVIEEAEKKKLSWPEIVVEAARVTQRNPKYIPYLDKIIEVVKEYDEKVS,LKCNQLIPPFWKTCPKGKNLCYKMTMRAAPMVPVKRGCIDVCPKSSLLIKYMCCNTDKCN,60,0.1,0.12,0.84,0.94,0.93,0.94,0.32,0.88,0.93,0.79,0.1,0.92,"0 hours, 0 minutes, 38 seconds",,9bk6,250624095501
2,1yi5_l96_s937110_mpnn8,96,6.4920703125,0.66,"F7,F27,F28,F29,F31,F32,F33,F34,F35,F36",KREFTPEMQKLIEKAKEMVEYVKKYLPEKVEEVEEMVNKVINFYEPTLPDPSNAEDVAWQEKEFRENFLFVYRWVKELFEKYQKEFGGPKFEFSEE,IRCFITPDITSKDCPNGHVCYTKTWCDAFCSIRGKRVDLGCAATCPTVKTGVDIQCCSTDNCNPFPTR,68,0.18,0.29,0.74,0.92,0.93,0.93,0.8,1.83,0.92,0.78,0.12,1.25,"0 hours, 1 minutes, 11 seconds",,1yi5,250622151951
2,9bk6_l63_s194277_mpnn12,63,6.565011904761905,0.81,,PVKPKDEEKYKKLVEEVRELFEKFSETYRKYMETKDPELAEKVKELSAVLAPKMEELNEMELS,LKCNQLIPPFWKTCPKGKNLCYKMTMRAAPMVPVKRGCIDVCPKSSLLIKYMCCNTDKCN,60,0.13,0.14,0.83,0.92,0.95,0.94,0.4,2.34,0.89,0.65,0.17,2.19,"0 hours, 0 minutes, 33 seconds",,9bk6,250624062924
5,9bk6_l69_s766278_mpnn2,69,6.579179951690822,0.72,,GMTPKERVEKYIEEFLEKYKPDEEKEKKIKELLSKIVFTKDGWIDSRKSVKVIEELDKVMEEVEEEKKK,LKCNQLIPPFWKTCPKGKNLCYKMTMRAAPMVPVKRGCIDVCPKSSLLIKYMCCNTDKCN,60,0.14,0.17,0.79,0.91,0.91,0.94,0.31,1.81,0.9,0.7,0.14,1.11,"0 hours, 0 minutes, 42 seconds",,9bk6,250625093143
1,9bk5_l95_s667429_mpnn9,95,6.590910990712073,0.58,,SLEEIWPELEKQAEWAKESPDRAYWFYEDVKFMEENNIGSEEERKPLREKAEEAMKKAEELVKEFLENKEKLKKENPKLYEELKSDVESFLMRTP,IRCFITPDITSKDCPNGHVCYTKTWCDAFCSIRGKRVDLGCAATCPTVKTGVDIQCCSTDNCNPFPTR,68,0.21,0.33,0.73,0.88,0.86,0.89,0.73,4.87,0.9,0.76,0.14,1.52,"0 hours, 1 minutes, 28 seconds",,9bk5,2506151920
1,1yi5_l71_s44000_mpnn11,71,6.596148508699255,0.74,"F7,F27,F28,F29,F31,F32,F33,F34,F35,F36",GPEEERFAQWEADFEARLAADSSKEGVEAIIDEAEKRFWEFMENGSEEIRERAVNFVKERVEPAYRKFFPR,IRCFITPDITSKDCPNGHVCYTKTWCDAFCSIRGKRVDLGCAATCPTVKTGVDIQCCSTDNCNPFPTR,68,0.17,0.27,0.73,0.93,0.95,0.94,0.8,2.05,0.92,0.74,0.11,1.31,"0 hours, 0 minutes, 37 seconds",,1yi5,250625122140
3,1yi5_l96_s23541_mpnn2,96,6.602679993872549,0.6,"H7,H8,H27,H28,H31,H32,H33,H37",MVDYSEIDLEKVEELKKKFEEAVKKKDYDTVYETFEEFMIMLYNVKNSEDIITEEMWKVYDELVDAYMWDREPSEETLKKAKKFFDDIIEKVKENL,IRCFITPDITSKDCPNGHVCYTKTWCDAFCSIRGKRVDLGCAATCPTVKTGVDIQCCSTDNCNPFPTR,68,0.19,0.32,0.76,0.92,0.91,0.94,0.88,2.15,0.93,0.82,0.11,0.89,"0 hours, 1 minutes, 11 seconds",,1yi5,2501181208
1,9bk6_l61_s28166_mpnn2,61,6.637987704918034,0.79,,PVDWWEYGKRSELLVKELKERDKELTEKMKTASEEEKKKIYEEAEKIMIELWNRFQNGEEI,LKCNQLIPPFWKTCPKGKNLCYKMTMRAAPMVPVKRGCIDVCPKSSLLIKYMCCNTDKCN,60,0.11,0.12,0.82,0.93,0.94,0.94,0.26,1.27,0.91,0.65,0.12,1.09,"0 hours, 0 minutes, 39 seconds",,9bk6,250625093143
2,1yi5_l83_s980977_mpnn1,83,6.64343639262934,0.68,,MFKLPEEIPSYEELLKMMEEFLKEAEEESKKSEELKKAFEDVKKEIELIKKKLEENPESENYRRWAKEELEIVKQYWLRQKEK,IRCFITPDITSKDCPNGHVCYTKTWCDAFCSIRGKRVDLGCAATCPTVKTGVDIQCCSTDNCNPFPTR,68,0.22,0.3,0.73,0.89,0.93,0.93,0.94,4.01,0.88,0.68,0.18,2.48,"0 hours, 1 minutes, 56 seconds",,1yi5,2502152311
2,1yi5_l71_s68597_mpnn14,71,6.66401926263463,0.7,,SELEKKVEELDKELNELEREMDAEILALSGGQHMSDAFWAAHEAVDARLAPKVEELYPKYKKAKEELEKLL,IRCFITPDITSKDCPNGHVCYTKTWCDAFCSIRGKRVDLGCAATCPTVKTGVDIQCCSTDNCNPFPTR,68,0.17,0.24,0.71,0.92,0.9,0.93,0.77,1.25,0.91,0.66,0.15,1.04,"0 hours, 0 minutes, 43 seconds",,1yi5,250625132641
2,1yi5_l96_s868292_mpnn2,96,6.6981464460784315,0.68,"H6,H7,H26-H37,H50,H51",SLEGKSISEIIEELLKKIEGKSEWEIKHLVQEFDWYIGDRIYEMEKKGIKIPKEELEKSIELLEKLREYVRKNTSNPEEHGWPIDDMIEYFKRKLK,IRCFITPDITSKDCPNGHVCYTKTWCDAFCSIRGKRVDLGCAATCPTVKTGVDIQCCSTDNCNPFPTR,68,0.2,0.3,0.75,0.9,0.9,0.92,0.9,2.09,0.91,0.81,0.11,1.72,"0 hours, 1 minutes, 1 seconds",,1yi5,2501180828
2,1yi5_l95_s687783_mpnn1,95,6.7036091331269345,0.78,"F43,F44",MKPLSEEEKEELLKKIKEYFVPAWEYERYLWENWDSVTDEEWVALQAKAKEYWAKAKEVIPEEVLRALVDYFWWNHVSPEEAGDDEILREILEKL,IRCFITPDITSKDCPNGHVCYTKTWCDAFCSIRGKRVDLGCAATCPTVKTGVDIQCCSTDNCNPFPTR,68,0.16,0.21,0.81,0.92,0.93,0.94,0.9,2.9,0.91,0.8,0.13,1.46,"0 hours, 2 minutes, 20 seconds",,1yi5,2506172008
2,1yi5_l95_s687783_mpnn1,95,6.7036091331269345,0.78,"F43,F44",MKPLSEEEKEELLKKIKEYFVPAWEYERYLWENWDSVTDEEWVALQAKAKEYWAKAKEVIPEEVLRALVDYFWWNHVSPEEAGDDEILREILEKL,IRCFITPDITSKDCPNGHVCYTKTWCDAFCSIRGKRVDLGCAATCPTVKTGVDIQCCSTDNCNPFPTR,68,0.16,0.21,0.81,0.92,0.93,0.94,0.9,2.9,0.91,0.8,0.13,1.46,"0 hours, 2 minutes, 20 seconds",,1yi5,2506172008
3,9bk6_l71_s802405_mpnn7,71,6.794499999999999,0.78,,SVMSEEQKREHKRLEEEWKTDPEGIRERYRELYREARADPSNYKAMRELTLIMRVMPLEEVMRLQAELEAE,LKCNQLIPPFWKTCPKGKNLCYKMTMRAAPMVPVKRGCIDVCPKSSLLIKYMCCNTDKCN,60,0.12,0.15,0.81,0.92,0.93,0.94,0.31,1.72,0.94,0.78,0.11,0.96,"0 hours, 0 minutes, 45 seconds",,9bk6,250625093143
2,1yi5_l71_s44000_mpnn7,71,6.876445733222866,0.71,"F7,F27,F28,F29,F31,F32,F33,F34,F35,F36",GKEEEEFEKWKEDFYKKYKEDSSKEGVEKIIDEAEEKFWEFMENGSKEIQERAVKFVKEVVEPIYRKHFPR,IRCFITPDITSKDCPNGHVCYTKTWCDAFCSIRGKRVDLGCAATCPTVKTGVDIQCCSTDNCNPFPTR,68,0.19,0.29,0.72,0.94,0.94,0.95,0.8,1.51,0.93,0.75,0.1,1.17,"0 hours, 0 minutes, 39 seconds",,1yi5,250625122140
1,7z14_l75_s499879_mpnn4,75,6.886146666666667,0.81,F41,MYVIELKPSEYTEGVEEHIEEVLEKARKRGENPKVKKEVKEIDGEEMVVFTLEISMEDFWELVENMPSPQMTIWV,MICYNQQSSQPPTTKTCSETSCYKKTWRDHRGTIIERGCGCPKVKPGIKLHCCRTDKCNN,60,0.11,0.15,0.82,0.93,0.93,0.94,0.44,1.3,0.84,0.69,0.17,1.78,"0 hours, 1 minutes, 14 seconds",,7z14,2505291923
1,1yi5_l85_s357894_mpnn2,85,6.898823529411764,0.69,"F26,F30",SAAVEKAKEEYKKAEEYVKKYEEEAPKIRAKAEAEIKAAREKGEDVDVAWAENQLWWLEVDKKFFEEELKKAKKKYEETVEKAKK,IRCFITPDITSKDCPNGHVCYTKTWCDAFCSIRGKRVDLGCAATCPTVKTGVDIQCCSTDNCNPFPTR,68,0.17,0.23,0.75,0.91,0.91,0.92,0.86,3.09,0.9,0.62,0.17,2.1,"0 hours, 1 minutes, 4 seconds",,1yi5,2502170019
1,1yi5_l93_s339182_mpnn7,93,6.929921726755218,0.62,"F40,F41,F42,F43,F44,F45",SLEEELKAKYEKATEMYREMYMDLLKKGKEGSEIDVIYDRVWWYYDNLYWGWAEDPEAAKEEFLKYYKKLEELYEEYKKEKEKEELKKLGLIK,IRCFITPDITSKDCPNGHVCYTKTWCDAFCSIRGKRVDLGCAATCPTVKTGVDIQCCSTDNCNPFPTR,68,0.21,0.3,0.76,0.91,0.91,0.93,0.84,3.54,0.93,0.8,0.14,1.04,"0 hours, 0 minutes, 51 seconds",,1yi5,2506170912
1,1yi5_l82_s822651_mpnn1,82,6.933451398852224,0.77,F41,PLPVLSEEEKEEVVEKAVKEYEKRMGIEYEFERREGDWYYYRAKEGDSVLMVMYSQETQEVHIWERFRGQWFYDERSFKDLL,IRCFITPDITSKDCPNGHVCYTKTWCDAFCSIRGKRVDLGCAATCPTVKTGVDIQCCSTDNCNPFPTR,68,0.17,0.23,0.79,0.88,0.9,0.92,1.23,1.62,0.9,0.79,0.13,1.55,"0 hours, 1 minutes, 54 seconds",,1yi5,2505291641
4,9bk6_l72_s598377_mpnn1,72,6.9822696759259255,0.81,,DPTWWLTAPLEELVEWFLKDPEAFRESLKELAGDDEELKKDIDIVTDSMVELNDREYIGAMLEGLRRFFLSM,LKCNQLIPPFWKTCPKGKNLCYKMTMRAAPMVPVKRGCIDVCPKSSLLIKYMCCNTDKCN,60,0.11,0.14,0.84,0.94,0.95,0.94,0.3,1.17,0.93,0.78,0.08,1.0,"0 hours, 2 minutes, 24 seconds",,9bk6,250623185033
4,9bk6_l71_s802405_mpnn3,71,7.0493180751173705,0.77,,SVMSEEQKKEHERLEKLYKTDPEKVKEEFRELYERARKDPSDYEAMRRLTLIMRVMPLEEVMKLQEELEKK,LKCNQLIPPFWKTCPKGKNLCYKMTMRAAPMVPVKRGCIDVCPKSSLLIKYMCCNTDKCN,60,0.13,0.16,0.82,0.92,0.92,0.94,0.34,1.88,0.93,0.78,0.11,1.22,"0 hours, 0 minutes, 49 seconds",,9bk6,250625093143
2,1yi5_l124_s870081_mpnn1,124,7.053315939278938,0.72,"F7,F27,F28,F29,F31,F32,F33,F34,F35,F36",STETKIEVLKKALEEGLKLVKAIEESMRMYEISDEKWFKRYLQDFIEVYVRKPLEEATGEDYSDLKVTDEMIEEAMKKAGVTKEEIEELKNKDFDKRIELWAKVFKTFLELYINGLIEEFKEAS,IRCFITPDITSKDCPNGHVCYTKTWCDAFCSIRGKRVDLGCAATCPTVKTGVDIQCCSTDNCNPFPTR,68,0.16,0.27,0.81,0.94,0.91,0.94,0.86,2.71,0.93,0.85,0.11,1.28,"0 hours, 2 minutes, 9 seconds",,1yi5,250628172859
5,9bk6_l65_s928733_mpnn13,65,7.079798717948718,0.75,,MSIEEWVEEMKKVRPDLSEEEVELLRTHPEFEVFLEHVESFSEEPWTPTKPVVEAVVKDLRALEK,LKCNQLIPPFWKTCPKGKNLCYKMTMRAAPMVPVKRGCIDVCPKSSLLIKYMCCNTDKCN,60,0.13,0.16,0.81,0.9,0.87,0.93,0.29,1.54,0.83,0.6,0.16,1.85,"0 hours, 0 minutes, 42 seconds",,9bk6,250624095501
1,9bk6_l63_s194277_mpnn10,63,7.123158730158732,0.81,,PVKPKDEKEYEKLVEEVRKLFEEFSKAYREYMETKDPEMAEKVKELSAVLAPKMEELNEMELS,LKCNQLIPPFWKTCPKGKNLCYKMTMRAAPMVPVKRGCIDVCPKSSLLIKYMCCNTDKCN,60,0.15,0.15,0.83,0.91,0.95,0.94,0.4,1.98,0.88,0.66,0.17,1.74,"0 hours, 0 minutes, 34 seconds",,9bk6,250624062924
10,1yi5_l78_s437839_mpnn1,78,7.164620098039215,0.56,,MEISEREIKWAAWDVVDLLHIPLERIEEEMRKQDIEWLERFLKQLELVKEKKLLPTEEHWKKMEEMYELAKEILEEKK,IRCFITPDITSKDCPNGHVCYTKTWCDAFCSIRGKRVDLGCAATCPTVKTGVDIQCCSTDNCNPFPTR,68,0.18,0.27,0.71,0.91,0.89,0.92,0.85,2.88,0.84,0.68,0.18,1.94,"0 hours, 1 minutes, 48 seconds",,1yi5,250629043437
2,1yi5_l76_s568914_mpnn6,76,7.194961300309598,0.6,,SKEEKEIEEKMKKAYDIMIDFLSKYDPKMAESLKKDLEYMKPEWFLEDIEYFKEYLRKNFSKEEADKVMKEIEKYL,IRCFITPDITSKDCPNGHVCYTKTWCDAFCSIRGKRVDLGCAATCPTVKTGVDIQCCSTDNCNPFPTR,68,0.21,0.33,0.71,0.9,0.85,0.91,0.84,2.11,0.93,0.79,0.1,1.52,"0 hours, 1 minutes, 12 seconds",,1yi5,2505281945
2,1yi5_l82_s822651_mpnn2,82,7.2694404591104735,0.77,F41,PLPVLSEEEKEEVIEKAREEYEKRMGIEYEFERKEGDWYYYRAKEGDSVLMIMYSQETQEIHIWERFRGQWFYDENSFSDLL,IRCFITPDITSKDCPNGHVCYTKTWCDAFCSIRGKRVDLGCAATCPTVKTGVDIQCCSTDNCNPFPTR,68,0.18,0.22,0.79,0.88,0.91,0.91,1.25,1.65,0.88,0.77,0.15,1.06,"0 hours, 0 minutes, 56 seconds",,1yi5,2505291641
9,1yi5_l73_s703700_mpnn3,73,7.279640410958905,0.58,,SWEEFQEKWRDYYIFHDWALQFMEDPSVEMPEDIPLKDLFEEAKKMKPEERKPYFEEQHDKLWKEVMAIYDSL,IRCFITPDITSKDCPNGHVCYTKTWCDAFCSIRGKRVDLGCAATCPTVKTGVDIQCCSTDNCNPFPTR,68,0.18,0.28,0.72,0.9,0.9,0.91,0.82,4.03,0.94,0.79,0.08,1.27,"0 hours, 1 minutes, 7 seconds",,1yi5,250629043437
6,9bk6_l69_s766278_mpnn3,69,7.283557971014494,0.66,,MLTPKERVDKYIEEFLKKYKPDEENKKKIEELHNKIVFTPEGWIDSRKSVKVIEELDKVMEEVEKKKKE,LKCNQLIPPFWKTCPKGKNLCYKMTMRAAPMVPVKRGCIDVCPKSSLLIKYMCCNTDKCN,60,0.16,0.21,0.75,0.9,0.89,0.91,0.32,1.98,0.86,0.6,0.17,1.07,"0 hours, 0 minutes, 43 seconds",,9bk6,250625093143
2,1yi5_l153_s269018_mpnn8,153,7.284326220684352,0.7,"H6,H7,H26-H37,H50,H51",MLENIKPWLQKTIAPSDWSTPYELLWALYWLLDDIRYIVEELKKKIEEAEKNPEIGGNEENRKKLEEMKKKIEEIEKLIEESLTLYKQHHELYHHGYSKYGELKLSVEEVVKEIVEKINKITPLLKEVIEKYKEVTGEELPEEWYVYLEPIPK,IRCFITPDITSKDCPNGHVCYTKTWCDAFCSIRGKRVDLGCAATCPTVKTGVDIQCCSTDNCNPFPTR,68,0.21,0.3,0.82,0.88,0.83,0.9,0.84,3.32,0.88,0.82,0.19,1.91,"0 hours, 1 minutes, 54 seconds",,1yi5,2501180951
1,1yi5_l83_s451534_mpnn5,83,7.313844790928419,0.58,F33,MISKDPKVQELLKILPVVVERLEEVFKKYGEDPAKWPEEDVKWPMWDLEFIYEELSKVPGLEEKFWSLLPERVREAYKLWSKE,IRCFITPDITSKDCPNGHVCYTKTWCDAFCSIRGKRVDLGCAATCPTVKTGVDIQCCSTDNCNPFPTR,68,0.22,0.33,0.72,0.87,0.91,0.9,0.85,1.56,0.88,0.73,0.16,1.48,"0 hours, 0 minutes, 51 seconds",,1yi5,2505291648
2,9bk5_l78_s834898_mpnn1,78,7.3149047888386125,0.61,,HMSKEELIEERKEKTYKISMKFEEYIRTQPPEERWRLWKMEFAWVEKEVYPDEPLRDGVEELSEEEKEEMEKIKKELE,IRCFITPDITSKDCPNGHVCYTKTWCDAFCSIRGKRVDLGCAATCPTVKTGVDIQCCSTDNCNPFPTR,68,0.2,0.3,0.7,0.9,0.88,0.92,0.7,5.08,0.94,0.78,0.11,1.4,"0 hours, 1 minutes, 52 seconds",,9bk5,2506162158
6,9bk6_l72_s598377_mpnn2,72,7.326248842592591,0.8,,DPTRFLTMPLEELVEEFLKDPEGFKERLKELAGDDEELKKDIDIVMKSMVELNDKEYIKAMLEGLRRFFLSM,LKCNQLIPPFWKTCPKGKNLCYKMTMRAAPMVPVKRGCIDVCPKSSLLIKYMCCNTDKCN,60,0.11,0.14,0.84,0.94,0.95,0.94,0.28,1.35,0.94,0.78,0.08,1.1,"0 hours, 1 minutes, 0 seconds","Absorption value is 1.74, consider adding tryptophane to design.",9bk6,250623185033
1,1yi5_l83_s980977_mpnn2,83,7.344153082919915,0.7,,MFKLPEEIPSYEELIKKIEEFLAKAKKESEKSEELKEAFKDVEKELELIKKKLEENPESENYRRWAKEELEIVIQYWERKKKE,IRCFITPDITSKDCPNGHVCYTKTWCDAFCSIRGKRVDLGCAATCPTVKTGVDIQCCSTDNCNPFPTR,68,0.18,0.27,0.76,0.91,0.92,0.93,0.94,1.94,0.87,0.67,0.17,1.69,"0 hours, 0 minutes, 52 seconds",,1yi5,2502152311
2,1yi5_l88_s984765_mpnn3,88,7.345313335561498,0.65,F33,MSPEEVYLYDFYWYGWHDVQMVQHNPSMYEEVYKLFEDLVKAHPLEKYSPEVQEFLEYIIEEIKKFMEKAKAGEKISKEELEAILKKR,IRCFITPDITSKDCPNGHVCYTKTWCDAFCSIRGKRVDLGCAATCPTVKTGVDIQCCSTDNCNPFPTR,68,0.19,0.27,0.77,0.86,0.86,0.88,0.93,4.41,0.85,0.74,0.15,1.66,"0 hours, 0 minutes, 44 seconds",,1yi5,2502160913
1,9bk6_l78_s583718_mpnn15,78,7.444619658119658,0.62,"B118,B122,B127,B128,B145,B146,B147,B148,B149,B151",SMEEEKELKEEVEKMTKLVEKDLEDFSMEEIEKMIEALEIALEWQKKNGSEEEVRKAEIELEAVKKVAEERKKELAKK,LKCNQLIPPFWKTCPKGKNLCYKMTMRAAPMVPVKRGCIDVCPKSSLLIKYMCCNTDKCN,60,0.2,0.28,0.73,0.88,0.88,0.89,0.3,1.65,0.92,0.73,0.14,1.35,"0 hours, 0 minutes, 37 seconds",,9bk6,250623065141
2,9bk6_l61_s28166_mpnn6,61,7.515173497267759,0.78,,PVDWWEYGERSEKLVKALKERDKELTEKMKTASEEEKKKIYEEAEEIMIELWEKFKNGEEI,LKCNQLIPPFWKTCPKGKNLCYKMTMRAAPMVPVKRGCIDVCPKSSLLIKYMCCNTDKCN,60,0.11,0.14,0.81,0.93,0.94,0.94,0.25,1.34,0.89,0.61,0.15,0.98,"0 hours, 0 minutes, 38 seconds",,9bk6,250625093143
2,1yi5_l83_s181742_mpnn14,83,7.555298547129696,0.64,,MEELEKRFEEKLKKGAFVAKHDPSYRELAERFSDLYWRLWNIAWWENVSFEEVAERYPEDFAELERIGEILEKKYEEVKKKLE,IRCFITPDITSKDCPNGHVCYTKTWCDAFCSIRGKRVDLGCAATCPTVKTGVDIQCCSTDNCNPFPTR,68,0.19,0.31,0.73,0.93,0.92,0.94,0.8,2.94,0.95,0.81,0.1,0.95,"0 hours, 0 minutes, 45 seconds",,1yi5,2503252313
1,5nq4_l120_s808237_mpnn5,120,7.573999305555555,0.65,,MNVDLTEEKIREALEKDPRDAMILFMKAFHALRGDDEKIVEVFEKFLNVAYEKIPELKAMPDTEKARDMAWMIGFAAQMVWWLKENLSNISEELAKKLEEKAEEMLKAYEEWEEKYDDWW,LKCNKLVPIAYKTCPEGKNLCYKMFMMSDLTIPVKRGCIDVCPKNSLLVKYVCCNTDRCN,60,0.18,0.3,0.8,0.89,0.87,0.92,0.87,4.97,0.9,0.82,0.14,1.94,"0 hours, 1 minutes, 11 seconds",,5nq4,2501171452
5,9bk6_l62_s587850_mpnn11,62,7.778436827956989,0.78,,PLTVEEFAEEALKIQIENLEPEYQTERSIEYLRELVERMKEVLLEHEATDSAFLEELLELMR,LKCNQLIPPFWKTCPKGKNLCYKMTMRAAPMVPVKRGCIDVCPKSSLLIKYMCCNTDKCN,60,0.1,0.11,0.83,0.94,0.93,0.94,0.29,0.97,0.96,0.79,0.08,1.02,"0 hours, 1 minutes, 26 seconds",,9bk6,250624070608
1,9bk6_l177_s64985_mpnn15,177,7.793871939736346,0.72,,GTPLEDQIMERIDQLYVIWQRFVEEDPEVFRQVPVLAAQAFIQPRDEAVRDRLLALAETDPLAALFAVLMFMALVFHLLLFTNNVTKEDLEMILEALRWLREVARRIAANPLLAERAGPGAIEIAEELVELLDELIKHLEEALKIEPFDGRIHARPPEEVQQKFIEIFDKFIELFGG,LKCNQLIPPFWKTCPKGKNLCYKMTMRAAPMVPVKRGCIDVCPKSSLLIKYMCCNTDKCN,60,0.15,0.24,0.86,0.92,0.91,0.94,0.42,2.69,0.94,0.89,0.11,1.84,"0 hours, 1 minutes, 35 seconds",,9bk6,250625093058
2,1yi5_l71_s410847_mpnn4,71,7.8081917978458995,0.72,"F7,F27,F28,F29,F31,F32,F33,F34,F35,F36",SAADKKKFEEEVVPEFEKGEKEYNEQFWPLTLAYHEGKMSEEEYWKKNEELNKKGKEIVDKYKAEKEKYLG,IRCFITPDITSKDCPNGHVCYTKTWCDAFCSIRGKRVDLGCAATCPTVKTGVDIQCCSTDNCNPFPTR,68,0.18,0.26,0.72,0.92,0.92,0.92,0.84,3.69,0.93,0.69,0.12,1.16,"0 hours, 0 minutes, 45 seconds",,1yi5,250625132602
1,1yi5_l96_s868292_mpnn1,96,7.808666513480393,0.7,"H6,H7,H26-H37,H50,H51",SLEGKSIPEIIEELYKKIEGKSEWEIKHLVQEFDWYIGDRIYEMEKKGIEIPKEELEKSIELLEKLREYVRKNTSNPEWYGWPIDDMIEYFKRKLE,IRCFITPDITSKDCPNGHVCYTKTWCDAFCSIRGKRVDLGCAATCPTVKTGVDIQCCSTDNCNPFPTR,68,0.17,0.28,0.77,0.91,0.91,0.92,0.88,1.58,0.92,0.82,0.1,1.13,"0 hours, 2 minutes, 16 seconds",,1yi5,2501180828
3,9bk6_l70_s246564_mpnn8,70,7.843935714285713,0.82,,LSEEEKKKIEEKFNEWIVKKTKEVTDKVINNFYTNPEYQKLSNEELSEITWKETQKVIEEAPKVKEELEK,LKCNQLIPPFWKTCPKGKNLCYKMTMRAAPMVPVKRGCIDVCPKSSLLIKYMCCNTDKCN,60,0.11,0.12,0.83,0.94,0.95,0.94,0.26,1.24,0.95,0.72,0.1,1.04,"0 hours, 1 minutes, 1 seconds",,9bk6,250624070608
3,1yi5_l64_s477870_mpnn4,64,7.966824448529412,0.71,"F7,F27,F28,F29,F31,F32,F33,F34,F35,F36",MSKEELLEKYRRPHEVAREWLARFRAEHEARHPGVRTRRQEYWERQLREDIAFSEEKIREIEEE,IRCFITPDITSKDCPNGHVCYTKTWCDAFCSIRGKRVDLGCAATCPTVKTGVDIQCCSTDNCNPFPTR,68,0.15,0.21,0.76,0.93,0.93,0.93,0.82,2.27,0.95,0.76,0.1,1.1,"0 hours, 0 minutes, 43 seconds",,1yi5,250625132602
5,1yi5_l100_s530391_mpnn9,100,7.969367647058823,0.54,"F7,F27,F28,F29,F31,F32,F33,F34,F35,F36",MSVEELWAELKKRLEPVIKEYVEKFKENPEELDIEEFMEEFGRRLYEVYEEWLAEHPELSEEQRWRLEWHFWEVIDKLYEELKAAHEGKVELDLEAVLAL,IRCFITPDITSKDCPNGHVCYTKTWCDAFCSIRGKRVDLGCAATCPTVKTGVDIQCCSTDNCNPFPTR,68,0.2,0.33,0.72,0.91,0.89,0.91,0.81,2.44,0.92,0.8,0.11,1.14,"0 hours, 0 minutes, 59 seconds",,1yi5,250628114351
1,1yi5_l89_s422395_mpnn3,89,8.076445803040318,0.7,"F43,F44",MEEIKKKIEEYKKKLEELEKELEKHVAEHDERMVEAIRLRWEGVSQEEVDKKEDEIDEEGKAFLEKYEKEKKKLEEKIKEYEKKLKELS,IRCFITPDITSKDCPNGHVCYTKTWCDAFCSIRGKRVDLGCAATCPTVKTGVDIQCCSTDNCNPFPTR,68,0.17,0.25,0.77,0.93,0.92,0.94,0.84,3.33,0.91,0.62,0.18,1.22,"0 hours, 1 minutes, 16 seconds",,1yi5,2506191941
6,9bk6_l71_s11182_mpnn15,71,8.104353286384976,0.68,,SIIPEVVFKGENAEEAKKKVEEVIDEWFGDDYLKRHWHRFSEHQKKAMLPVAAEVAIEKYPELKEYIEFKL,LKCNQLIPPFWKTCPKGKNLCYKMTMRAAPMVPVKRGCIDVCPKSSLLIKYMCCNTDKCN,60,0.17,0.21,0.77,0.86,0.81,0.89,0.32,2.0,0.85,0.7,0.18,1.72,"0 hours, 1 minutes, 7 seconds",,9bk6,250624073608
5,9bk6_l71_s11182_mpnn16,71,8.389769953051642,0.7,,SIIPKVEFIGPNAEEAKKKVEEVIDEWFGDEYLKEHWDRFSEHQKEAMLPVAAEVAIQKNPELKEYVKFVD,LKCNQLIPPFWKTCPKGKNLCYKMTMRAAPMVPVKRGCIDVCPKSSLLIKYMCCNTDKCN,60,0.16,0.2,0.77,0.88,0.83,0.89,0.33,2.43,0.88,0.72,0.15,1.82,"0 hours, 1 minutes, 8 seconds",,9bk6,250624073608
1,9bk6_l69_s359483_mpnn1,69,8.437502415458937,0.83,,SEEMIKAVVEKLIEMNNKVWELHKKGIPMTEEDVKELEKEAKEVGEKYGEPAKEIMELFIEGLREDLEE,LKCNQLIPPFWKTCPKGKNLCYKMTMRAAPMVPVKRGCIDVCPKSSLLIKYMCCNTDKCN,60,0.11,0.12,0.86,0.94,0.92,0.94,0.26,1.03,0.93,0.75,0.1,0.98,"0 hours, 2 minutes, 39 seconds",,9bk6,250624070608
1,1yi5_l71_s410847_mpnn1,71,8.455938276719138,0.74,"F7,F27,F28,F29,F31,F32,F33,F34,F35,F36",SEEDKKKFEEEVVPKFEKGEEEYNKKFWPLTRDYHEGKMSEEEYWAKNEELNKEGKKIVEEYKKEKEKYLG,IRCFITPDITSKDCPNGHVCYTKTWCDAFCSIRGKRVDLGCAATCPTVKTGVDIQCCSTDNCNPFPTR,68,0.15,0.21,0.76,0.93,0.92,0.93,0.85,1.73,0.94,0.72,0.12,1.11,"0 hours, 1 minutes, 59 seconds",,1yi5,250625132602
2,9bk6_l90_s765271_mpnn4,90,8.460343518518519,0.63,,AMTPEEVVEKFKEEFEKENPKTEDEAIDFIIDFFHKNEWKLMKENPETTRMDLVDMFGKMFEYMLEKFPHLKERFEAMLAAMRAWAAENE,LKCNQLIPPFWKTCPKGKNLCYKMTMRAAPMVPVKRGCIDVCPKSSLLIKYMCCNTDKCN,60,0.15,0.22,0.76,0.9,0.88,0.9,0.28,1.44,0.91,0.78,0.11,1.46,"0 hours, 0 minutes, 56 seconds",,9bk6,2506121235
2,1yi5_l89_s422395_mpnn1,89,8.487124091209516,0.67,"F43,F44",MEEIKKKIEEYKKKLEELEKKLEEHVAEHDKKMVEAIRARWEGVSQEEVDAKEEEIDAEGKKFLEEYEKEKKELEKKIEEYEKKLKEVE,IRCFITPDITSKDCPNGHVCYTKTWCDAFCSIRGKRVDLGCAATCPTVKTGVDIQCCSTDNCNPFPTR,68,0.2,0.28,0.73,0.91,0.9,0.92,0.84,3.17,0.9,0.6,0.19,1.21,"0 hours, 2 minutes, 52 seconds",,1yi5,2506191941
5,1yi5_l63_s878730_mpnn2,63,8.561433239962652,0.65,"F7,F27,F28,F29,F31,F32,F33,F34,F35,F36",SEVEEMIKELEEFAKVNPKEKVVEKAKEKVREFDEKHPLTPESSPELRREHYYLWDKMEEIIK,IRCFITPDITSKDCPNGHVCYTKTWCDAFCSIRGKRVDLGCAATCPTVKTGVDIQCCSTDNCNPFPTR,68,0.16,0.23,0.73,0.93,0.91,0.94,0.86,2.22,0.93,0.7,0.1,1.03,"0 hours, 0 minutes, 42 seconds",,1yi5,250625132602
2,9bk6_l70_s34285_mpnn6,70,8.626367857142856,0.81,,SEEEKRLADIERGYRQYTEWMRQHPEEWVKWMEENYGKKFPKDMSPEEIVERVTARAEEALERVKKVVEE,LKCNQLIPPFWKTCPKGKNLCYKMTMRAAPMVPVKRGCIDVCPKSSLLIKYMCCNTDKCN,60,0.11,0.12,0.83,0.93,0.93,0.93,0.36,1.19,0.91,0.72,0.12,1.34,"0 hours, 0 minutes, 47 seconds",Relaxed structure contains clashes.,9bk6,250624095501
1,1yi5_l76_s283689_mpnn4,76,8.670093846749227,0.68,F43,SPVEEKVREYVERRYREELEFAPDMPKEVIIKEIEEDLMWHIDVQWPVWLSDEEIELARKTLEEEREKYLREVEEE,IRCFITPDITSKDCPNGHVCYTKTWCDAFCSIRGKRVDLGCAATCPTVKTGVDIQCCSTDNCNPFPTR,68,0.15,0.23,0.77,0.92,0.89,0.93,1.06,1.53,0.93,0.77,0.1,1.1,"0 hours, 0 minutes, 46 seconds",,1yi5,2506190956
2,1yi5_l80_s978636_mpnn16,80,8.693421875,0.71,"F40,F41,F42,F43,F44,F45",SKLEELRKELEEYVKKLVEERFSDPAKIEQMLAYFNKWVDIWVEDFEEVGDESLIPRVKEEFKEEVEWLLEIHSSSKAWP,IRCFITPDITSKDCPNGHVCYTKTWCDAFCSIRGKRVDLGCAATCPTVKTGVDIQCCSTDNCNPFPTR,68,0.18,0.22,0.78,0.86,0.82,0.9,0.82,1.53,0.83,0.67,0.19,2.84,"0 hours, 1 minutes, 12 seconds",,1yi5,2506171955
1,1yi5_l87_s145491_mpnn1,87,9.324361899932388,0.62,,EENLSFEEALEYLYNNKEEITKKLRGKFGEEIVEKFGWEKRHELIWNFEPIIDFYEHPEAQKKPEYVEAAKEYLEKFMELYNEVLSE,IRCFITPDITSKDCPNGHVCYTKTWCDAFCSIRGKRVDLGCAATCPTVKTGVDIQCCSTDNCNPFPTR,68,0.18,0.27,0.75,0.89,0.9,0.91,0.83,3.54,0.93,0.79,0.12,1.32,"0 hours, 2 minutes, 11 seconds",Relaxed structure contains clashes.,1yi5,2505261957
1,9bk6_l90_s765271_mpnn14,90,9.530221296296297,0.67,,ALTPKEVVEEFKKRFDEENPKTEDEAIDFIINFFHENEWKLMKENPETTRMDLVDMFGEMFKYALKYFPHLKERFDAMYAAMREWAARNE,LKCNQLIPPFWKTCPKGKNLCYKMTMRAAPMVPVKRGCIDVCPKSSLLIKYMCCNTDKCN,60,0.14,0.2,0.79,0.91,0.89,0.91,0.28,1.46,0.93,0.8,0.11,1.07,"0 hours, 0 minutes, 51 seconds",,9bk6,2506121235
2,1yi5_l93_s644866_mpnn5,93,9.565410341555976,0.64,"F50,F51",SLFDEIKAEIEPKLEERLEEIAKLTDKEEFLKKFYELEIESQREVRKRVEDLSYDEQDEIMWKWWWWFDKKDAEVLKKFQENVKKAKEEKEKL,IRCFITPDITSKDCPNGHVCYTKTWCDAFCSIRGKRVDLGCAATCPTVKTGVDIQCCSTDNCNPFPTR,68,0.17,0.26,0.76,0.91,0.89,0.92,0.8,2.17,0.94,0.77,0.11,1.15,"0 hours, 0 minutes, 46 seconds",,1yi5,2506172015
3,1yi5_l125_s165112_mpnn7,125,9.681293529411764,0.69,"F7,F27,F28,F29,F31,F32,F33,F34,F35,F36",SELEELLKKAKEAFEKGKLEELKKILEELGKKVRELKKKFVEIWHNKDHSFDAVPGDPDLKEARELAEKFYEISKVVWPIAKKLGIPDSLTPWWVDKSLEEVLNTMKFPELYWAFEDLLYILEQL,IRCFITPDITSKDCPNGHVCYTKTWCDAFCSIRGKRVDLGCAATCPTVKTGVDIQCCSTDNCNPFPTR,68,0.2,0.31,0.79,0.88,0.84,0.9,0.8,3.29,0.89,0.82,0.15,1.83,"0 hours, 1 minutes, 7 seconds",,1yi5,250628172859
3,9bk6_l65_s522910_mpnn8,65,9.932052564102564,0.77,,MSLEERKKILEEFVEIIYNSKETWTERELDYSLQNVFKVLFPDRNPEEWKKYIPKELLEKIKKKI,LKCNQLIPPFWKTCPKGKNLCYKMTMRAAPMVPVKRGCIDVCPKSSLLIKYMCCNTDKCN,60,0.12,0.15,0.81,0.91,0.91,0.92,0.26,1.3,0.89,0.67,0.14,1.06,"0 hours, 0 minutes, 56 seconds",,9bk6,250624073608
1,1yi5_l159_s712800_mpnn15,159,10.281528856825748,0.72,"H6,H7,H26-H37,H50,H51",SAEVEELLKEAEKMHEAMLAGAPEEVLKPLQTAHLESFDKVMAGLFEEARRSEEAQLAVVRRLLLLFYKFLERGMEYLGWLTIEYAYEDLWRAGIIPPGSPAHRRLHEFMRELYEFWEKTDWEPDLSRPYSEEEKKWLEELRKKLEEEVEELREEEEEE,IRCFITPDITSKDCPNGHVCYTKTWCDAFCSIRGKRVDLGCAATCPTVKTGVDIQCCSTDNCNPFPTR,68,0.17,0.29,0.82,0.9,0.89,0.92,0.8,5.42,0.91,0.85,0.14,2.96,"0 hours, 1 minutes, 20 seconds",,1yi5,2501180951
4,9bk6_l65_s522910_mpnn2,65,11.264784615384617,0.75,,MSLEERKEILIEFVEIIYNSPETWTERELEYSLQNVFKVLFPDEDPSKWKDYIPKELIEKIKEKI,LKCNQLIPPFWKTCPKGKNLCYKMTMRAAPMVPVKRGCIDVCPKSSLLIKYMCCNTDKCN,60,0.14,0.17,0.8,0.88,0.89,0.89,0.25,1.1,0.9,0.7,0.12,0.98,"0 hours, 1 minutes, 33 seconds",,9bk6,250624073608
1,7z14_l88_s201849_mpnn7,88,12.793663825757577,0.79,"F11,F12,F32",TWSLAEMAKENIEYLENYLKNEKEPLTEKDREEIKEIIKMFEEAKKIAEEKGDKSPEARKLAEEATEKLIELFEKLKVESYEVWIPPE,MICYNQQSSQPPTTKTCSETSCYKKTWRDHRGTIIERGCGCPKVKPGIKLHCCRTDKCNN,60,0.14,0.18,0.82,0.92,0.9,0.94,0.53,1.6,0.82,0.68,0.26,3.16,"0 hours, 0 minutes, 43 seconds",,7z14,2502091148
1,1yi5_l88_s642851_mpnn6,88,12.936652740641712,0.71,,MREKLREVVELFRELLEQIPEGVTTYFELWEYFKENKDPKFLRMEELMAEILRENPHNPVLDELHIVLDHGPPEEWREWLEELEEELE,IRCFITPDITSKDCPNGHVCYTKTWCDAFCSIRGKRVDLGCAATCPTVKTGVDIQCCSTDNCNPFPTR,68,0.15,0.23,0.75,0.9,0.89,0.91,0.84,3.85,0.9,0.76,0.12,1.19,"0 hours, 0 minutes, 44 seconds",,1yi5,2502151901
5,1yi5_l60_s27895_mpnn4,60,13.482077205882351,0.6,,HMSPLEKELKEKLEKMSWEEREALAREIVERYKAGVPGAEKEVDIYEKLFTEMWRKEHMP,IRCFITPDITSKDCPNGHVCYTKTWCDAFCSIRGKRVDLGCAATCPTVKTGVDIQCCSTDNCNPFPTR,68,0.23,0.32,0.66,0.86,0.84,0.89,0.82,5.13,0.9,0.68,0.12,1.21,"0 hours, 0 minutes, 49 seconds",,1yi5,250625132641
2,1yi5_l88_s642851_mpnn2,88,13.631035260695189,0.6,,MMEKLRRVVELFRELLEKIPEGVTTYFELWELFKERNDPVYLEMERLMAEILRENPHNPVLDRLHIVLDHGPPEEWREWLEELEEELE,IRCFITPDITSKDCPNGHVCYTKTWCDAFCSIRGKRVDLGCAATCPTVKTGVDIQCCSTDNCNPFPTR,68,0.2,0.3,0.7,0.86,0.82,0.86,0.82,3.73,0.87,0.76,0.14,1.6,"0 hours, 1 minutes, 8 seconds",,1yi5,2502151901
1,7z14_l74_s134466_mpnn6,74,14.492835585585585,0.54,,MKKKLIISSETMDLFYSRLSEEELKEFDKLWDESDWFQDDNWNYVLTDEKYIPKLLELLKKVLSEEELKGVTLE,MICYNQQSSQPPTTKTCSETSCYKKTWRDHRGTIIERGCGCPKVKPGIKLHCCRTDKCNN,60,0.18,0.29,0.71,0.92,0.92,0.94,0.46,3.31,0.94,0.78,0.1,1.06,"0 hours, 0 minutes, 57 seconds",,7z14,2501222051
2,5nq4_l120_s808237_mpnn8,120,14.678209722222222,0.62,,MDVNLTEEKIREAAEKDPREAMILFMKAFHALRGDDKGIVKVFDIALNVAYELIPETKAMPDTEKRRDMAWFIGFSAQMVWWLEKNIKDIPEELWKEWKKKAEEMLKFYEEWEEEYDDWW,LKCNKLVPIAYKTCPEGKNLCYKMFMMSDLTIPVKRGCIDVCPKNSLLVKYVCCNTDRCN,60,0.19,0.31,0.8,0.9,0.88,0.93,0.87,3.74,0.91,0.84,0.14,2.37,"0 hours, 1 minutes, 14 seconds",,5nq4,2501171452
4,1yi5_l64_s477870_mpnn1,64,14.8023046875,0.71,"F7,F27,F28,F29,F31,F32,F33,F34,F35,F36",MSKEELLEKYRRPHEVAKEWLREFRERHEREHPGVRTRRFEYWERQLEEDIEFSEKKIAEIEAE,IRCFITPDITSKDCPNGHVCYTKTWCDAFCSIRGKRVDLGCAATCPTVKTGVDIQCCSTDNCNPFPTR,68,0.15,0.21,0.78,0.94,0.94,0.94,0.82,2.23,0.95,0.74,0.1,1.19,"0 hours, 1 minutes, 53 seconds",,1yi5,250625132602
1,1yi5_l94_s739327_mpnn16,94,15.031091989987484,0.69,"F12,F35,F36",SLLDKVIELYSKEILKLMTEKGMKSVLWATWETEWEHPEFAKWMVENLSREELIAIDDVIWELDMLQRQSIREGKPLKPEEIVKMFVERLRSLE,IRCFITPDITSKDCPNGHVCYTKTWCDAFCSIRGKRVDLGCAATCPTVKTGVDIQCCSTDNCNPFPTR,68,0.14,0.22,0.81,0.93,0.91,0.93,0.78,2.02,0.95,0.84,0.08,1.17,"0 hours, 0 minutes, 46 seconds",,1yi5,2502161344
1,1yi5_l83_s5986_mpnn8,83,15.077065024805105,0.77,"F27,F28,F29,F31,F32,F33,F34,F35,F36,F65",SLWELYEELKKMSLEELEELLEALLERGSAVPQEILDSLPEPDLFERFRQDFLDWFKDGYVWEATWLLVDMEEFLARQLEEAA,IRCFITPDITSKDCPNGHVCYTKTWCDAFCSIRGKRVDLGCAATCPTVKTGVDIQCCSTDNCNPFPTR,68,0.15,0.22,0.8,0.91,0.92,0.92,0.88,2.37,0.89,0.77,0.12,1.27,"0 hours, 0 minutes, 40 seconds",,1yi5,250622183529
1,9bk5_l78_s834898_mpnn4,78,15.466167043740572,0.64,,HMSEEELIEKRKEETYKISMKFEEYIRTLPPEERWRYWKMEFWWVEKEVYPDEPPRDGVEELSEEEKKEIEEIVKKLK,IRCFITPDITSKDCPNGHVCYTKTWCDAFCSIRGKRVDLGCAATCPTVKTGVDIQCCSTDNCNPFPTR,68,0.19,0.27,0.72,0.89,0.86,0.91,0.66,4.79,0.91,0.74,0.13,2.06,"0 hours, 0 minutes, 47 seconds",,9bk5,2506162158
3,1yi5_l63_s560960_mpnn4,63,15.548550420168066,0.65,,SPLEELEREIREYFLQFPVVSEEQAEAVVEEFRRLDPSRFRSREQLLWHLELVASRLMEEAKK,IRCFITPDITSKDCPNGHVCYTKTWCDAFCSIRGKRVDLGCAATCPTVKTGVDIQCCSTDNCNPFPTR,68,0.18,0.27,0.7,0.9,0.9,0.91,0.84,4.54,0.89,0.72,0.12,1.03,"0 hours, 0 minutes, 42 seconds",,1yi5,250625132641
2,1yi5_l100_s192196_mpnn6,100,15.600125,0.77,"F7,F27,F28,F29,F31,F32,F33,F34,F35,F36",SFEELLKEYEKAVKEFVEKTKGKLPTKEEVDELIEKLRPILEKLHEIIKKLRPEEAYRTDPELMEADIRDAWEQGYSAEEIARSMFWELRWIKHLYERVK,IRCFITPDITSKDCPNGHVCYTKTWCDAFCSIRGKRVDLGCAATCPTVKTGVDIQCCSTDNCNPFPTR,68,0.15,0.23,0.81,0.94,0.93,0.94,0.8,1.75,0.94,0.81,0.1,1.41,"0 hours, 1 minutes, 2 seconds",,1yi5,250628114351
3,1yi5_l100_s484741_mpnn1,100,16.220363970588235,0.7,"F7,F27,F28,F29,F31,F32,F33,F34,F35,F36",SFEEKMIEWLENPESMPQQELEDELYEESARSWHIYWETDDPEALQRYKFAEFMFQVLQEVREKFGVPYQEVTPEQVKEYMSDPENREKVEKKLNEILNP,IRCFITPDITSKDCPNGHVCYTKTWCDAFCSIRGKRVDLGCAATCPTVKTGVDIQCCSTDNCNPFPTR,68,0.15,0.24,0.8,0.94,0.91,0.94,0.81,2.73,0.94,0.85,0.1,1.4,"0 hours, 2 minutes, 5 seconds",,1yi5,250628114351
4,1yi5_l63_s560960_mpnn8,63,16.25343253968254,0.62,,SPMEKLKEEVREYFLQFPVVSEEEAEEVVEELEKMDVSKFRSKEQLLWYLEEVASKLMEERKK,IRCFITPDITSKDCPNGHVCYTKTWCDAFCSIRGKRVDLGCAATCPTVKTGVDIQCCSTDNCNPFPTR,68,0.19,0.27,0.71,0.9,0.89,0.91,0.84,3.7,0.89,0.68,0.13,0.88,"0 hours, 0 minutes, 39 seconds",,1yi5,250625132641
2,9bk6_l89_s747205_mpnn16,89,16.43357397003745,0.6,,GHMEEELERVYDYAVKKMMEFEEEVEGIKPEDHPLTRFDLSEMSEPERLMWMEKLLRSLAVELKVVKEMFPDSEKITELYNVVEEFLNK,LKCNQLIPPFWKTCPKGKNLCYKMTMRAAPMVPVKRGCIDVCPKSSLLIKYMCCNTDKCN,60,0.17,0.24,0.73,0.86,0.83,0.87,0.26,5.63,0.91,0.77,0.12,1.36,"0 hours, 0 minutes, 57 seconds",,9bk6,2506121050
5,1yi5_l125_s165112_mpnn12,125,16.461536470588236,0.65,"F7,F27,F28,F29,F31,F32,F33,F34,F35,F36",SKLDKLIEEARKAFEEGKLEKLKEILKELGKEVEELKKKFVELWHNKDHGEDLVPGDEENKELKEIATKFYKILKEVIPIALELGLPESLIPKTYSLSLEEVLNTMRLPELYWEFEDLIYILKSL,IRCFITPDITSKDCPNGHVCYTKTWCDAFCSIRGKRVDLGCAATCPTVKTGVDIQCCSTDNCNPFPTR,68,0.22,0.34,0.79,0.87,0.85,0.9,0.8,3.04,0.9,0.82,0.15,1.97,"0 hours, 1 minutes, 10 seconds",,1yi5,250628172859
1,9bk6_l96_s759164_mpnn15,96,16.85267621527778,0.64,,MLTPEELEEIYHEMDEEYQEKLWKVMVEVSAERGKKIMEMNAEANAASAGLPERDWDKDPMVAEFEKKYQEIEDEFLKELTEKTKPIIEEYEESLK,LKCNQLIPPFWKTCPKGKNLCYKMTMRAAPMVPVKRGCIDVCPKSSLLIKYMCCNTDKCN,60,0.18,0.23,0.73,0.88,0.84,0.89,0.4,4.39,0.91,0.73,0.16,2.52,"0 hours, 0 minutes, 48 seconds",Relaxed structure contains clashes.,9bk6,250623073829
1,1yi5_l100_s113509_mpnn2,100,16.891158088235294,0.7,"F7,F27,F28,F29,F31,F32,F33,F34,F35,F36",MKKSPVELVMEMIRLARETLPPEKEAEFMKIARWLVWLAEDMEYIKENKITPSEIQKEALEKMMKKVEELREPFLEKYPGEIAKLFEELYEKLKELYKEL,IRCFITPDITSKDCPNGHVCYTKTWCDAFCSIRGKRVDLGCAATCPTVKTGVDIQCCSTDNCNPFPTR,68,0.14,0.22,0.8,0.93,0.93,0.94,0.8,2.54,0.94,0.83,0.1,1.13,"0 hours, 0 minutes, 51 seconds",,1yi5,250628111352
3,1yi5_l159_s712800_mpnn6,159,16.898241305956343,0.62,"H6,H7,H26-H37,H50,H51",SAMVEELLEEAEKMHQAMLDKAPPEVLKPLQTKHLSKFDEVFAGWAEEAKRSEEAQLAVVDRLLRLFHRFLERGMFYLGALTIEYAYEDMWRAGIIPAGSEAHRRLHALMRRLYDFWERTDWEPDLDRPLTPEEQRWLEELRRELEEWMEELRKEEEER,IRCFITPDITSKDCPNGHVCYTKTWCDAFCSIRGKRVDLGCAATCPTVKTGVDIQCCSTDNCNPFPTR,68,0.18,0.33,0.79,0.9,0.85,0.91,0.82,3.19,0.9,0.84,0.14,2.73,"0 hours, 1 minutes, 47 seconds",,1yi5,2501180951
5,1yi5_l116_s680740_mpnn10,116,17.11953156693712,0.57,"F7,F27,F28,F29,F31,F32,F33,F34,F35,F36",SMVSREELIERMEELAKLVMENGHIKEWSEEVKKKIEEKFKEIERDLEDLLGGDLEDDYEEVRRWAKAGAPRPWSPEFVRKLFAYHSKIAREAIKNSDPNEVWWFLEDMTWLLRNM,IRCFITPDITSKDCPNGHVCYTKTWCDAFCSIRGKRVDLGCAATCPTVKTGVDIQCCSTDNCNPFPTR,68,0.22,0.33,0.73,0.86,0.83,0.88,0.82,4.75,0.86,0.78,0.17,2.26,"0 hours, 1 minutes, 26 seconds",,1yi5,250628152234
2,7z14_l88_s201849_mpnn4,88,17.120376893939394,0.78,"F11,F12,F32",TWTLAEMAEENIKYLEDYLKNEKEPLTEEDRKEIKEIIKKFEEAKELAEKYGDKSEEARKLAEEATKKLIELFERLKVESYEVWIPPE,MICYNQQSSQPPTTKTCSETSCYKKTWRDHRGTIIERGCGCPKVKPGIKLHCCRTDKCNN,60,0.14,0.18,0.82,0.92,0.91,0.94,0.52,1.65,0.85,0.73,0.21,2.52,"0 hours, 0 minutes, 43 seconds",,7z14,2502091148
2,1yi5_l100_s113509_mpnn3,100,17.143420588235294,0.66,"F7,F27,F28,F29,F31,F32,F33,F34,F35,F36",MEKSLVELVMEMIRLARETLPPEEEEEFMKRARWWVWLAEDVEYILKNKIEPSEIQKKALAEMVKKVEEEVEPFSERYPGEIKELFLKFAEKLKELYEKL,IRCFITPDITSKDCPNGHVCYTKTWCDAFCSIRGKRVDLGCAATCPTVKTGVDIQCCSTDNCNPFPTR,68,0.15,0.23,0.78,0.91,0.91,0.91,0.8,2.78,0.92,0.82,0.11,1.27,"0 hours, 0 minutes, 49 seconds",,1yi5,250628111352
6,1yi5_l134_s79375_mpnn2,134,18.11945621158911,0.64,"F7,F27,F28,F29,F31,F32,F33,F34,F35,F36",GGRVYRRLSEELERDKEIFIKYVNEENPTEWQVVESMWGWLWWAYQELSREWNSIPEELLSEEEKAKWEEFEKKKKEFEKKIESLLEEPDKIVSEEKRKEYLKLFEEIYEYFKEMIRLVSELHARHLGEPMPEE,IRCFITPDITSKDCPNGHVCYTKTWCDAFCSIRGKRVDLGCAATCPTVKTGVDIQCCSTDNCNPFPTR,68,0.21,0.34,0.78,0.9,0.92,0.93,0.8,5.12,0.9,0.82,0.16,1.52,"0 hours, 1 minutes, 50 seconds",Relaxed structure contains clashes.,1yi5,250628172859
1,9bk6_l70_s34285_mpnn1,70,18.145688095238093,0.83,,SPELKRLEDIERGYRQYTEWMRKNPEEWVKWMEENYGKKFPKDMTPEEIVERVTKRAEEALKRVREVVLS,LKCNQLIPPFWKTCPKGKNLCYKMTMRAAPMVPVKRGCIDVCPKSSLLIKYMCCNTDKCN,60,0.11,0.11,0.85,0.94,0.94,0.94,0.38,0.95,0.93,0.74,0.11,1.11,"0 hours, 2 minutes, 5 seconds",,9bk6,250624095501
5,9bk6_l85_s874082_mpnn1,85,18.293082352941177,0.8,,FRYTMEDLRMLYVALEESVKVLTKVYEEEVKPTGEKKKEYEEVLEKLKKLLEELKKAIEKGELPPFDLRELVNAYTEFWMLATSY,LKCNQLIPPFWKTCPKGKNLCYKMTMRAAPMVPVKRGCIDVCPKSSLLIKYMCCNTDKCN,60,0.14,0.15,0.84,0.91,0.89,0.93,0.33,1.55,0.89,0.74,0.15,1.48,"0 hours, 2 minutes, 40 seconds",,9bk6,250623185033
1,9bk6_l89_s747205_mpnn11,89,18.489190074906368,0.61,,GHMHEELDKVFNEAVEKMMKFEEEVEGIKPEDHPLTRFDLSEMSEPERLMWKEKLLRSLEVELEVVKKMFPDSEEIEELLKLVKEFMEK,LKCNQLIPPFWKTCPKGKNLCYKMTMRAAPMVPVKRGCIDVCPKSSLLIKYMCCNTDKCN,60,0.19,0.23,0.73,0.83,0.81,0.85,0.26,5.67,0.83,0.65,0.2,1.53,"0 hours, 1 minutes, 1 seconds",,9bk6,2506121050
2,9bk6_l70_s246564_mpnn4,70,18.497575,0.82,,LSEEEKKEIEEKFNKWIVEKTKEVTDEVINDFYTNEEYQKLSNEELSEITWKKTQEVIEEAPEVKKKLEE,LKCNQLIPPFWKTCPKGKNLCYKMTMRAAPMVPVKRGCIDVCPKSSLLIKYMCCNTDKCN,60,0.17,0.17,0.81,0.86,0.94,0.87,0.26,3.36,0.87,0.67,0.17,3.13,"0 hours, 1 minutes, 3 seconds",,9bk6,250624070608
4,1yi5_l100_s484741_mpnn3,100,18.54187573529412,0.67,"F7,F27,F28,F29,F31,F32,F33,F34,F35,F36",SFEEEMIDWLKNPSSMPQSELEDRLYQESAESWHRYWETDDPEALQRYKFAEFMFQVLQEVREKFGAPYQYVSPEQMEAYMSDPENKKKVEEELKKILEP,IRCFITPDITSKDCPNGHVCYTKTWCDAFCSIRGKRVDLGCAATCPTVKTGVDIQCCSTDNCNPFPTR,68,0.17,0.27,0.79,0.92,0.91,0.93,0.82,2.62,0.94,0.84,0.11,1.37,"0 hours, 0 minutes, 53 seconds",,1yi5,250628114351
3,9bk6_l85_s874082_mpnn8,85,19.646364705882355,0.81,,FRYTMEDLRMLYVALKESVKVLSDVYENVVKPTGEKKEEYEEVLAELEELLEELEEAIEKGEEPSFDLRELVEAYTRFWMLATSY,LKCNQLIPPFWKTCPKGKNLCYKMTMRAAPMVPVKRGCIDVCPKSSLLIKYMCCNTDKCN,60,0.14,0.15,0.84,0.91,0.9,0.93,0.33,1.96,0.9,0.77,0.14,1.73,"0 hours, 1 minutes, 2 seconds",,9bk6,250623185033
1,1yi5_l96_s315414_mpnn6,96,19.72093137254902,0.71,H26-H37,EPIKLSRHEQIWMLDDMEWMREEYIKEHGELPKDFEEQFEYFKEVLTKQIEKEGMDEEEKKWQLELLEQVWEKVKEWKEKNGLSTDTPLSVFKKEI,IRCFITPDITSKDCPNGHVCYTKTWCDAFCSIRGKRVDLGCAATCPTVKTGVDIQCCSTDNCNPFPTR,68,0.17,0.27,0.77,0.91,0.92,0.93,0.85,2.4,0.91,0.78,0.12,1.24,"0 hours, 0 minutes, 57 seconds",,1yi5,2501180802
4,9bk6_l69_s359483_mpnn2,69,19.96235265700483,0.81,,SEEMIKAVVEALIEMNNKVWELHKKGIPMTQKDVEELKKKAEEVGKKYGEPAKEIMDLFIDGLEEDLAE,LKCNQLIPPFWKTCPKGKNLCYKMTMRAAPMVPVKRGCIDVCPKSSLLIKYMCCNTDKCN,60,0.1,0.11,0.85,0.94,0.94,0.94,0.27,1.14,0.92,0.73,0.1,1.09,"0 hours, 1 minutes, 0 seconds",,9bk6,250624070608
6,9bk6_l62_s587850_mpnn17,62,20.11788440860215,0.78,,PLTVEEFAEEALRIQIENLEPEYQTPRSIEYLRELVERMKEVLLKHNATDSEFLEELLELMR,LKCNQLIPPFWKTCPKGKNLCYKMTMRAAPMVPVKRGCIDVCPKSSLLIKYMCCNTDKCN,60,0.11,0.12,0.82,0.93,0.92,0.94,0.3,0.95,0.95,0.78,0.08,0.96,"0 hours, 0 minutes, 50 seconds",,9bk6,250624070608
1,7z14_l80_s767349_mpnn4,80,20.908325,0.69,"F34,F9,F30,F29,F8,F7,F10,F45,F31,F28,F33,F25,F48",GWDIYFRKDGTIEIEIDESKHIPEPTEEGKEKFKKWYEEQMKDLEELKKLFSSWYDKKKVDEDFGKKKKELEKKYEEAIK,MICYNQQSSQPPTTKTCSETSCYKKTWRDHRGTIIERGCGCPKVKPGIKLHCCRTDKCNN,60,0.19,0.26,0.72,0.86,0.88,0.89,0.48,2.69,0.86,0.68,0.15,1.21,"0 hours, 1 minutes, 11 seconds",,7z14,2506192027
1,1yi5_l163_s630505_mpnn7,163,23.114110880548537,0.79,"F7,F27,F28,F29,F31,F32,F33,F34,F35,F36",SATDIEDALFDNIWSFDLAFDAAYEVVREYFEATGDEKLYQEAVETMLKIDDILWEMKHAPRRYREDGTDGKAIIENGMKEILKIWADFYSKLDREKMLEVERKVIEAVTETFKKNPLKLTKEDPEIDELLKLLEEKFFGGLEFRVEMIEKGLSPEEARAIIE,IRCFITPDITSKDCPNGHVCYTKTWCDAFCSIRGKRVDLGCAATCPTVKTGVDIQCCSTDNCNPFPTR,68,0.13,0.2,0.86,0.92,0.91,0.93,0.8,1.51,0.92,0.85,0.11,1.05,"0 hours, 1 minutes, 45 seconds",,1yi5,250628204125
